motion-reduce src,full-unstyled-link,full-unstyled-link href,price-item,price-item 2,pl-text,badge,gm-target href,gm-text,gm-target href 2,gm-text 2,gm-target href 3,gm-text 3,gm-target href 4,gm-text 4,gm-target href 5,gm-text 5,gm-target href 6,gm-text 6,gm-target href 7,gm-text 7
https://yame.vn/cdn/shop/files/qu-n-short-non-branded-06-xanh-bich-1174878726.jpg?v=1760785240&width=533,Quần Short 5 Inch Dù Mỏng Nhẹ Non Branded 006 Xanh Dương Đậm,https://yame.vn/products/quan-short-5-inch-du-mong-nhe-non-branded-06-xanh-bich-0023737,158.650 VND,167.000 VND,,,,,,,,,,,,,,,,
https://yame.vn/cdn/shop/files/23716_thumb_1.jpg?v=1760776031&width=533,Áo Thun 3 Lỗ Waffle Non Branded 002 Xám Đậm,https://yame.vn/products/ao-thun-3-lo-waffle-non-branded-02-xam-0023716,111.150 VND,117.000 VND,,,,,,,,,,,,,,,,
https://yame.vn/cdn/shop/files/ao-khoac-gio-dang-v-a-non-branded-04-tr-ng-1194490216.jpg?v=1760780131&width=533,Áo Khoác Gió Trượt Nước Mỏng Nhẹ Nhiều Màu Non Branded 004 Trắng,https://yame.vn/products/ao-khoac-gio-truot-nuoc-mong-nhe-nhieu-mau-non-branded-04-trang-0024033,310.650 VND,327.000 VND,,,,,,,,,,,,,,,,
https://yame.vn/cdn/shop/files/ao-thun-no-style-02-den-1174878775.jpg?v=1760790228&width=533,Áo Thun Tay Ngắn Pique Ít Nhăn Dáng Vừa Non Branded 008 Đen,https://yame.vn/products/ao-thun-co-tron-tay-ngan-pique-it-nhan-dang-vua-non-branded-den-0021929,82.650 VND,87.000 VND,,,,,,,,,,,,,,,,
https://yame.vn/cdn/shop/files/qu-n-short-non-branded-05-xanh-d-ng-1174882141.jpg?v=1760784460&width=533,Quần Short Thun 9 Inch Thoáng Mát Non Branded 005 Xanh Dương,https://yame.vn/products/quan-short-thun-9-inch-thoang-mat-non-branded-05-xanh-duong-0023727,158.650 VND,167.000 VND,,,,,,,,,,,,,,,,
https://yame.vn/cdn/shop/files/ao-polo-non-branded-03-h-ng-1174885368.jpg?v=1760774459&width=533,Áo Polo Pique Thoáng Mát Non Branded 003 Hồng,https://yame.vn/products/ao-polo-pique-thoang-mat-non-branded-03-hong-0023746,168.150 VND,177.000 VND,,,,,,,,,,,,,,,,
https://yame.vn/cdn/shop/files/ao-khoac-seventy-seven-39-den-1174884560.jpg?v=1760780440&width=533,Áo Khoác Hoodie Waffle Thoáng Khí Seventy Seven 039 Đen,https://yame.vn/products/ao-khoac-hoodie-waffle-thoang-khi-seventy-seven-39-den-0023190,272.650 VND,287.000 VND,,,,,,,,,,,,,,,,
https://yame.vn/cdn/shop/files/0023284_thumb_1.jpg?v=1760796857&width=533,Quần Short Nam Thun Waffle 7 Inch Thoáng Khí Seventy Seven 030 Nâu,https://yame.vn/products/quan-short-nam-thun-waffle-7-inch-thoang-khi-seventy-seven-30-nau-0023284,192.950 VND,227.000 VND,,,,,,,,,,,,,,,,
https://yame.vn/cdn/shop/files/ao-khoac-seventy-seven-39-xanh-den-1174884581.jpg?v=1760780379&width=533,Áo Khoác Hoodie Waffle Thoáng Khí Seventy Seven 039 Xanh Dương Đậm,https://yame.vn/products/ao-khoac-hoodie-waffle-thoang-khi-seventy-seven-39-xanh-den-0023188,272.650 VND,287.000 VND,,,,,,,,,,,,,,,,
https://yame.vn/cdn/shop/files/qu-n-short-non-branded-05-xanh-reu-1174882127.jpg?v=1760784387&width=533,Quần Short Thun 9 Inch Thoáng Mát Non Branded 005 Xanh Lá Đậm,https://yame.vn/products/quan-short-thun-9-inch-thoang-mat-non-branded-05-xanh-reu-0023725,158.650 VND,167.000 VND,,,,,,,,,,,,,,,,
https://yame.vn/cdn/shop/files/ao-thun-seventy-seven-41-den-1174881279.jpg?v=1760778907&width=533,Áo Thun Waffle Co Giãn Seventy Seven 041 Đen,https://yame.vn/products/ao-thun-waffle-co-gian-seventy-seven-41-den-0023549,168.150 VND,177.000 VND,,,,,,,,,,,,,,,,
https://yame.vn/cdn/shop/files/ao-s-mi-non-branded-33-den-1174884163.jpg?v=1760775428&width=533,Áo Sơ Mi Modal Mềm Mịn Ít Nhăn Non Branded 033 Đen,https://yame.vn/products/ao-so-mi-modal-mem-min-it-nhan-non-branded-33-den-0024143,187.150 VND,197.000 VND,,,,,,,,,,,,,,,,
https://yame.vn/cdn/shop/files/0023185_thumb_1.jpg?v=1760798612&width=533,Áo Khoác Cardigan Vải Waffle Thoáng Khí Seventy Seven 038 Xanh Dương Đậm,https://yame.vn/products/ao-khoac-cardigan-vai-waffle-thoang-khi-seventy-seven-38-xanh-den-0023185,243.950 VND,287.000 VND,,,,,,,,,,,,,,,,
https://yame.vn/cdn/shop/files/qu-n-short-non-branded-06-xanh-reu-1174882395.jpg?v=1760784777&width=533,Quần Short 5 Inch Dù Mỏng Nhẹ Non Branded 006 Xanh Lá Đậm,https://yame.vn/products/quan-short-5-inch-du-mong-nhe-non-branded-06-xanh-reu-0023741,158.650 VND,167.000 VND,,,,,,,,,,,,,,,,
https://yame.vn/cdn/shop/files/qu-n-short-non-branded-05-h-ng-1174882155.jpg?v=1760784538&width=533,Quần Short Thun 9 Inch Thoáng Mát Non Branded 005 Hồng,https://yame.vn/products/quan-short-thun-9-inch-thoang-mat-non-branded-05-hong-0023726,158.650 VND,167.000 VND,,,,,,,,,,,,,,,,
https://yame.vn/cdn/shop/files/23718_thumb_1.jpg?v=1760776080&width=533,Áo Thun 3 Lỗ Waffle Non Branded 002 Xám Nhạt,https://yame.vn/products/ao-thun-3-lo-waffle-non-branded-02-xam-trang-0023718,111.150 VND,117.000 VND,,,,,,,,,,,,,,,,
https://yame.vn/cdn/shop/files/0023283thumb1.jpg?v=1760796823&width=533,Quần Short Nam Thun Waffle 7 Inch Thoáng Khí Seventy Seven 030 Đen,https://yame.vn/products/quan-short-nam-thun-waffle-7-inch-thoang-khi-seventy-seven-30-den-0023283,192.950 VND,227.000 VND,,,,,,,,,,,,,,,,
https://yame.vn/cdn/shop/files/ao-khoac-seventy-seven-07-den-1174885167.jpg?v=1760779251&width=533,Áo Khoác Kaki Chống Nắng Seventy Seven 007 Đen,https://yame.vn/products/ao-khoac-kaki-chong-nang-seventy-seven-07-den-0023201,339.150 VND,357.000 VND,,,,,,,,,,,,,,,,
https://yame.vn/cdn/shop/files/qu-n-short-non-branded-06-cam-1174882377.jpg?v=1760784858&width=533,Quần Short 5 Inch Dù Mỏng Nhẹ Non Branded 006 Cam Đậm,https://yame.vn/products/quan-short-5-inch-du-mong-nhe-non-branded-06-cam-0023734,158.650 VND,167.000 VND,,,,,,,,,,,,,,,,
https://yame.vn/cdn/shop/files/ao-s-mi-non-branded-19-den-1174884397.jpg?v=1760774915&width=533,Áo Sơ Mi Tay Dài Modal Ít Nhăn Non Branded 019 Đen,https://yame.vn/products/ao-so-mi-tay-dai-modal-it-nhan-non-branded-19-den-0024013,187.150 VND,197.000 VND,,,,,,,,,,,,,,,,
https://yame.vn/cdn/shop/files/ao-s-mi-non-branded-19-xanh-d-ng-1174884367.jpg?v=1760774899&width=533,Áo Sơ Mi Tay Dài Modal Ít Nhăn Non Branded 019 Xanh Dương Nhạt,https://yame.vn/products/ao-so-mi-tay-dai-modal-it-nhan-non-branded-19-xanh-duong-0024016,187.150 VND,197.000 VND,,,,,,,,,,,,,,,,
https://yame.vn/cdn/shop/files/ao-polo-non-branded-03-nau-1174885456.jpg?v=1760774309&width=533,Áo Polo Pique Thoáng Mát Non Branded 003 Nâu,https://yame.vn/products/ao-polo-pique-thoang-mat-non-branded-03-nau-0023747,168.150 VND,177.000 VND,,,,,,,,,,,,,,,,
https://yame.vn/cdn/shop/files/qu-n-short-non-branded-06-d-1174882305.jpg?v=1760785120&width=533,Quần Short 5 Inch Dù Mỏng Nhẹ Non Branded 006 Đỏ,https://yame.vn/products/quan-short-5-inch-du-mong-nhe-non-branded-06-do-0023736,158.650 VND,167.000 VND,,,,,,,,,,,,,,,,
https://yame.vn/cdn/shop/files/ao-s-mi-seventy-seven-22-be-1174882837.jpg?v=1760786722&width=533,Áo Sơ Mi Tay Ngắn Vải Nhung Corduroy Retro Ít Nhăn Seventy Seven 022 Nâu Nhạt,https://yame.vn/products/ao-so-mi-tay-ngan-vai-nhung-corduroy-retro-it-nhan-seventy-seven-22-be-0023258,244.150 VND,257.000 VND,,,,,,,,,,,,,,,,
https://yame.vn/cdn/shop/files/qu-n-short-seventy-seven-31-den-1174881881.jpg?v=1760786106&width=533,Quần Short Cargo 7 Inch Dù Trượt Nước Seventy Seven 031 Đen,https://yame.vn/products/quan-short-cargo-7-inch-du-truot-nuoc-seventy-seven-31-den-0023290,215.650 VND,227.000 VND,,,,,,,,,,,,,,,,
https://yame.vn/cdn/shop/files/23719_thumb_1.jpg?v=1760775979&width=533,Áo Thun 3 Lỗ Waffle Non Branded 002 Xanh Dương Đậm,https://yame.vn/products/ao-thun-3-lo-waffle-non-branded-02-xanh-den-0023719,111.150 VND,117.000 VND,,,,,,,,,,,,,,,,
https://yame.vn/cdn/shop/files/ao-s-mi-seventy-seven-24-tr-ng-1174883160.jpg?v=1760775689&width=533,Áo Sơ Mi Cổ Trụ Linen Thoáng mát Seventy Seven 024 Trắng,https://yame.vn/products/ao-so-mi-co-tru-linen-thoang-mat-seventy-seven-24-trang-0023265,231.300 VND,257.000 VND,,,,,,,,,,,,,,,,
https://yame.vn/cdn/shop/files/ao-thun-non-branded-01-xanh-d-ng-1174882464.jpg?v=1760778000&width=533,Áo Thun Waffle Thoáng Mát Non Branded 001 Xanh Dương,https://yame.vn/products/ao-thun-waffle-thoang-mat-non-branded-001-xanh-duong-0023712,120.650 VND,127.000 VND,,,,,,,,,,,,,,,,
https://yame.vn/cdn/shop/files/ao-polo-seventy-seven-17-tr-ng-1174885483.jpg?v=1760774200&width=533,Áo Polo Pique Thoáng Khí Seventy Seven 017 Trắng,https://yame.vn/products/ao-polo-pique-thoang-khi-seventy-seven-17-trang-0023237,215.650 VND,227.000 VND,,,,,,,,,,,,,,,,
https://yame.vn/cdn/shop/files/ao-thun-seventy-seven-10-xam-1174883575.jpg?v=1760777333&width=533,Áo Thun Tay Ngắn Waffle Thoáng Khí Seventy Seven 010 Xám,https://yame.vn/products/ao-thun-tay-ngan-waffle-thoang-khi-seventy-seven-10-xam-0023214,149.150 VND,157.000 VND,,,,,,,,,,,,,,,,
https://yame.vn/cdn/shop/files/23222_thumb_1.jpg?v=1760776183&width=533,Áo Thun 3 Lỗ Cotton Thoáng Khí Seventy Seven 014 Đen,https://yame.vn/products/ao-thun-3-lo-cotton-thoang-khi-seventy-seven-14-den-0023222,149.150 VND,157.000 VND,,,,,,,,,,,,,,,,
https://yame.vn/cdn/shop/files/0023187_thumb_1.jpg?v=1760798650&width=533,Áo Khoác Cardigan Vải Waffle Thoáng Khí Seventy Seven 038 Be,https://yame.vn/products/ao-khoac-cardigan-vai-waffle-thoang-khi-seventy-seven-38-be-0023187,243.950 VND,287.000 VND,,,,,,,,,,,,,,,,
https://yame.vn/cdn/shop/files/ao-thun-no-style-02-be-1174883351.jpg?v=1760777880&width=533,Áo Thun Bird’s Eye Pique Ít Nhăn Non Branded 008 Nâu Nhạt,https://yame.vn/products/ao-thun-bird-s-eye-pique-it-nhan-dang-vua-no-style-02-be-0022933,82.650 VND,87.000 VND,,,,,,,,,,,,,,,,
https://yame.vn/cdn/shop/files/23717_thumb_1.jpg?v=1760775957&width=533,Áo Thun 3 Lỗ Waffle Non Branded 002 Nâu,https://yame.vn/products/ao-thun-3-lo-waffle-non-branded-02-nau-0023717,111.150 VND,117.000 VND,,,,,,,,,,,,,,,,
https://yame.vn/cdn/shop/files/ao-s-mi-non-branded-33-nau-1174884161.jpg?v=1760775447&width=533,Áo Sơ Mi Modal Mềm Mịn Ít Nhăn Non Branded 033 Nâu Nhạt,https://yame.vn/products/ao-so-mi-modal-mem-min-it-nhan-non-branded-33-nau-0024148,187.150 VND,197.000 VND,,,,,,,,,,,,,,,,
https://yame.vn/cdn/shop/files/ao-s-mi-seventy-seven-24-be-1174883242.jpg?v=1760786684&width=533,Áo Sơ Mi Cổ Trụ Linen Thoáng mát Seventy Seven 024 Nâu Nhạt,https://yame.vn/products/ao-so-mi-co-tru-linen-thoang-mat-seventy-seven-24-be-0023267,231.300 VND,257.000 VND,,,,,,,,,,,,,,,,
https://yame.vn/cdn/shop/files/vi-y2010-db001-xanh-den-1180968980.jpg?v=1760792011&width=533,Ví Ngang Da Bò #Y2010 136 Xanh Dương Đậm,https://yame.vn/products/vi-ngang-da-bo-y2010-db001-xanh-den-0024545,177.300 VND,197.000 VND,,,,,,,,,,,,,,,,
https://yame.vn/cdn/shop/files/vi-y2010-db001-xam-1180968983.jpg?v=1760792024&width=533,Ví Ngang Da Bò #Y2010 136 Xám Đậm,https://yame.vn/products/vi-ngang-da-bo-y2010-db001-xam-0024544,177.300 VND,197.000 VND,,,,,,,,,,,,,,,,
https://yame.vn/cdn/shop/files/vi-y2010-db001-nau-1180968965.jpg?v=1760792034&width=533,Ví Ngang Da Bò #Y2010 136 Nâu Đậm,https://yame.vn/products/vi-ngang-da-bo-y2010-db001-nau-0024543,177.300 VND,197.000 VND,,,,,,,,,,,,,,,,
https://yame.vn/cdn/shop/files/vi-tai-l-c-02-den-1174880230.jpg?v=1760787921&width=533,Ví Ngang Da Ý Alfa Tài Lộc 002 Đen,https://yame.vn/products/vi-ngang-da-y-alfa-tai-loc-02-den-0022433,357.300 VND,397.000 VND,,,,,,,,,,,,,,,,
https://yame.vn/cdn/shop/files/vi-th-nh-v-ng-5-den-1174880383.jpg?v=1760787278&width=533,Ví Ngang Da Bò Thịnh Vượng 005 Đen,https://yame.vn/products/vi-ngang-da-bo-thinh-vuong-5-den-0022409,267.300 VND,297.000 VND,,,,,,,,,,,,,,,,
https://yame.vn/cdn/shop/files/vi-th-nh-v-ng-7-den-1174880367.jpg?v=1760787168&width=533,Ví Ngang Da Bò Thịnh Vượng 007 Đen,https://yame.vn/products/vi-ngang-da-bo-thinh-vuong-7-den-0022411,267.300 VND,297.000 VND,,,,,,,,,,,,,,,,
https://yame.vn/cdn/shop/files/vi-one-piece-wano-34-den-1174880433.jpg?v=1760787717&width=533,Ví Ngang Da ONE PIECE WANO 034 Đen,https://yame.vn/products/vi-ngang-da-one-piece-wano-34-den-0024285,285.600 VND,357.000 VND,,,,,,,,,,,,,,,,
https://yame.vn/cdn/shop/files/0024902_thumb_4.jpg?v=1761643941&width=533,Ví Ngang Công Sở Da Ý Công Nghệ RFID Chống Trộm Tài Lộc 005 Đen,https://yame.vn/products/vi-ngang-cong-so-da-y-cong-nghe-rfid-chong-trom-tai-loc-05-den-0024902,357.300 VND,397.000 VND,,,,,,,,,,,,,,,,
https://yame.vn/cdn/shop/files/vi-tai-l-c-03-den-1174880465.jpg?v=1760787873&width=533,Ví Ngang Da Ý Saffiano Tài Lộc 003 Đen,https://yame.vn/products/vi-ngang-da-y-saffiano-tai-loc-02-den-0022434,357.300 VND,397.000 VND,,,,,,,,,,,,,,,,
https://yame.vn/cdn/shop/files/vi-th-nh-v-ng-8-den-1174880359.jpg?v=1760787104&width=533,Ví Ngang Da Bò Epsom Thịnh Vượng 008 Đen,https://yame.vn/products/vi-ngang-da-bo-epsom-thinh-vuong-8-den-0022412,267.300 VND,297.000 VND,,,,,,,,,,,,,,,,
https://yame.vn/cdn/shop/files/vi-th-nh-v-ng-10-xanh-den-1174880428.jpg?v=1760787702&width=533,Ví Ngang Da Bò Thịnh Vượng 010 Xanh Dương Đậm,https://yame.vn/products/vi-ngang-da-bo-thinh-vuong-10-xanh-duong-dam-0023974,267.300 VND,297.000 VND,,,,,,,,,,,,,,,,
https://yame.vn/cdn/shop/files/0024901_thumb_1_8087c02b-72ad-4cde-b824-db94c9c42b80.jpg?v=1761643937&width=533,Ví Ngang Công Sở Da Ý Công Nghệ RFID Chống Trộm Tài Lộc 004 Đen,https://yame.vn/products/vi-ngang-cong-so-da-y-cong-nghe-rfid-chong-trom-tai-loc-04-den-0024901,357.300 VND,397.000 VND,,,,,,,,,,,,,,,,
https://yame.vn/cdn/shop/files/vi-th-nh-v-ng-6-den-1174880375.jpg?v=1760787208&width=533,Ví Ngang Da Bò Thịnh Vượng 006 Đen,https://yame.vn/products/vi-ngang-da-bo-thinh-vuong-6-den-0022410,267.300 VND,297.000 VND,,,,,,,,,,,,,,,,
https://yame.vn/cdn/shop/files/vi-kim-b-o-03-den-1174880438.jpg?v=1760787771&width=533,Ví Ngang Da Ý Hạt Kim Bảo 021 Đen,https://yame.vn/products/vi-ngang-da-y-hat-kim-bao-03-den-0022804,699.300 VND,777.000 VND,,,,,,,,,,,,,,,,
https://yame.vn/cdn/shop/files/23973Thumb1.jpg?v=1760787652&width=533,Ví Ngang Da Bò Thịnh Vượng 010 Nâu,https://yame.vn/products/vi-ngang-da-bo-thinh-vuong-10-nau-0023973,267.300 VND,297.000 VND,,,,,,,,,,,,,,,,
https://yame.vn/cdn/shop/files/vi-kim-b-o-02-den-1174880454.jpg?v=1760787811&width=533,Ví Ngang Da Ý Alfa Kim Bảo 020 Đen,https://yame.vn/products/vi-ngang-da-y-alfa-kim-bao-02-den-0022803,699.300 VND,777.000 VND,,,,,,,,,,,,,,,,
https://yame.vn/cdn/shop/files/vi-th-nh-v-ng-10-den-1174880417.jpg?v=1760787678&width=533,Ví Ngang Da Bò Thịnh Vượng 010 Đen,https://yame.vn/products/vi-ngang-da-bo-thinh-vuong-10-den-0023972,267.300 VND,297.000 VND,,,,,,,,,,,,,,,,
https://yame.vn/cdn/shop/files/vi-kim-b-o-01-den-1174880458.jpg?v=1760787839&width=533,Ví Ngang Da Nappa Kim Bảo 019 Đen,https://yame.vn/products/vi-ngang-da-nappa-kim-bao-01-den-0022802,699.300 VND,777.000 VND,,,,,,,,,,,,,,,,
https://yame.vn/cdn/shop/files/balo-y2010-02-den-1174880986.jpg?v=1760787143&width=533,Balo Essential Chống Sốc #Y2010 002 Đen,https://yame.vn/products/balo-essential-chong-soc-y2010-02-den-0021917,197.000 VND,297.000 VND,,,,,,,,,,,,,,,,
https://yame.vn/cdn/shop/files/balo-kh-i-nguyen-13-den-1174881028.jpg?v=1760787156&width=533,Balo Essential Chống Sốc Khởi Nguyên 013 Đen,https://yame.vn/products/balo-essential-chong-soc-khoi-nguyen-13-den-0022702,157.000 VND,297.000 VND,,,,,,,,,,,,,,,,
https://yame.vn/cdn/shop/files/balo-y2010-m01-den-1174881163.jpg?v=1760786965&width=533,Balo Essential Trượt Nước Đai Gắn Vali #Y2010 005 Đen,https://yame.vn/products/balo-travel-truot-nuoc-dai-gan-vali-y2010-m01-den-0024449,337.450 VND,397.000 VND,,,,,,,,,,,,,,,,
https://yame.vn/cdn/shop/files/balo-kh-i-nguyen-16-den-1174881046.jpg?v=1760787091&width=533,Balo Essential Nhiều Ngăn Khởi Nguyên 016 Đen,https://yame.vn/products/balo-essential-nhieu-ngan-khoi-nguyen-16-den-0022855,303.450 VND,357.000 VND,,,,,,,,,,,,,,,,
https://yame.vn/cdn/shop/files/balo-y2010-m01-xanh-d-u-1174881124.jpg?v=1760787042&width=533,Balo Essential Trượt Nước Đai Gắn Vali #Y2010 005 Xanh Ngọc Nhạt,https://yame.vn/products/balo-travel-truot-nuoc-dai-gan-vali-y2010-m01-xanh-dau-0024451,337.450 VND,397.000 VND,,,,,,,,,,,,,,,,
https://yame.vn/cdn/shop/files/balo-kh-i-nguyen-15-den-1174881013.jpg?v=1760787180&width=533,Balo Essential Chống Sốc Khởi Nguyên 015 Đen,https://yame.vn/products/balo-essential-chong-soc-khoi-nguyen-15-den-0022814,277.950 VND,327.000 VND,,,,,,,,,,,,,,,,
https://yame.vn/cdn/shop/files/balo-y2010-m01-xam-1174881173.jpg?v=1760786924&width=533,Balo Essential Trượt Nước Đai Gắn Vali #Y2010 005 Xám Đậm,https://yame.vn/products/balo-travel-truot-nuoc-dai-gan-vali-y2010-m01-xam-0024447,337.450 VND,397.000 VND,,,,,,,,,,,,,,,,
https://yame.vn/cdn/shop/files/0024284thumb1.jpg?v=1760801111&width=533,Balo Essential Trượt Nước ONE PIECE WANO 037 Đen,https://yame.vn/products/balo-essential-truot-nuoc-one-piece-wano-37-den-0024284,445.600 VND,557.000 VND,,,,,,,,,,,,,,,,
https://yame.vn/cdn/shop/files/balo-y2010-m01-nau-1174881151.jpg?v=1760786977&width=533,Balo Essential Trượt Nước Đai Gắn Vali #Y2010 005 Nâu,https://yame.vn/products/balo-travel-truot-nuoc-dai-gan-vali-y2010-m01-nau-0024450,337.450 VND,397.000 VND,,,,,,,,,,,,,,,,
https://yame.vn/cdn/shop/files/balo-y2010-m01-xanh-d-ng-1174881145.jpg?v=1760787018&width=533,Balo Essential Trượt Nước Đai Gắn Vali #Y2010 005 Xanh Dương Nhạt,https://yame.vn/products/balo-travel-truot-nuoc-dai-gan-vali-y2010-m01-xanh-duong-0024452,337.450 VND,397.000 VND,,,,,,,,,,,,,,,,
https://yame.vn/cdn/shop/files/balo-kh-i-nguyen-11-den-1174881031.jpg?v=1760787128&width=533,Balo Essential Nhiều Ngăn Chống Sốc Khởi Nguyên 011 Đen,https://yame.vn/products/balo-essential-nhieu-ngan-chong-soc-khoi-nguyen-11-den-0022657,303.450 VND,357.000 VND,,,,,,,,,,,,,,,,
https://yame.vn/cdn/shop/files/balo-y2010-03-den-1174881050.jpg?v=1760787076&width=533,Balo Essential Kẻ Caro Nhiều Ngăn #Y2010 003 Đen,https://yame.vn/products/balo-essential-ke-caro-nhieu-ngan-y2010-03-den-0022322,379.950 VND,447.000 VND,,,,,,,,,,,,,,,,
https://yame.vn/cdn/shop/files/balo-y2010-m01-kem-1174881131.jpg?v=1760787063&width=533,Balo Essential Trượt Nước Đai Gắn Vali #Y2010 005 Be,https://yame.vn/products/balo-travel-truot-nuoc-dai-gan-vali-y2010-m01-kem-0024448,337.450 VND,397.000 VND,,,,,,,,,,,,,,,,
https://yame.vn/cdn/shop/files/balo-kh-i-nguyen-10-den-1174880979.jpg?v=1760787116&width=533,Balo Essential Chống Sốc Khởi Nguyên 010 Đen,https://yame.vn/products/balo-essential-chong-soc-khoi-nguyen-10-den-0022428,303.450 VND,357.000 VND,,,,,,,,,,,,,,,,
https://yame.vn/cdn/shop/files/0024434thumb1.jpg?v=1761644316&width=533,Balo Essential Họa Tiết Rolltop Niều Ngăn Dragon Ball Z 033 Đen Be,https://yame.vn/products/balo-essential-hoa-tiet-rolltop-nhieu-ngan-dragon-ball-z-33-0024434,397.600 VND,497.000 VND,,,,,,,,,,,,,,,,
https://yame.vn/cdn/shop/files/0022375thumb1.jpg?v=1761644301&width=533,Balo Essential Trượt Nước Nhiều Ngăn Khởi Nguyên 002 Đen,https://yame.vn/products/balo-essential-truot-nuoc-nhieu-ngan-khoi-nguyen-02-den-0022375,422.450 VND,497.000 VND,,,,,,,,,,,,,,,,
https://yame.vn/cdn/shop/files/ao-thun-seventy-seven-42-tr-ng-1174883469.jpg?v=1760777566&width=533,Áo Thun Waffle Co Giãn Seventy Seven 042 Trắng,https://yame.vn/products/ao-thun-waffle-co-gian-seventy-seven-42-trang-0023557,168.150 VND,177.000 VND,,,,,,,,,,,,,,,,
https://yame.vn/cdn/shop/files/qu-n-dai-seventy-seven-33-den-1174881658.jpg?v=1760782317&width=533,Quần Jogger Corduroy Ít Nhăn Seventy Seven 033 Đen,https://yame.vn/products/quan-jogger-corduroy-it-nhan-seventy-seven-33-den-0023299,282.150 VND,297.000 VND,,,,,,,,,,,,,,,,
https://yame.vn/cdn/shop/files/ao-khoac-seventy-seven-08-den-1174885103.jpg?v=1760779517&width=533,Áo Khoác Kaki Chống Nắng Bền Bỉ Seventy Seven 008 Đen,https://yame.vn/products/ao-khoac-kaki-chong-nang-ben-bi-seventy-seven-08-den-0023207,282.150 VND,297.000 VND,,,,,,,,,,,,,,,,
https://yame.vn/cdn/shop/files/ao-khoac-seventy-seven-07-xam-1174885156.jpg?v=1760779272&width=533,Áo Khoác Kaki Chống Nắng Seventy Seven 007 Xám Đậm,https://yame.vn/products/ao-khoac-kaki-chong-nang-seventy-seven-07-xam-0023203,339.150 VND,357.000 VND,,,,,,,,,,,,,,,,
https://yame.vn/cdn/shop/files/ao-s-mi-seventy-seven-24-xam-1174881235.jpg?v=1760775672&width=533,Áo Sơ Mi Cổ Trụ Linen Thoáng mát Seventy Seven 024 Xám,https://yame.vn/products/ao-so-mi-co-tru-linen-thoang-mat-seventy-seven-24-xam-0023269,231.300 VND,257.000 VND,-10%,,,,,,,,,,,,,,,
https://yame.vn/cdn/shop/files/ao-s-mi-non-branded-19-nau-nh-t-1174884389.jpg?v=1760774928&width=533,Áo Sơ Mi Tay Dài Modal Ít Nhăn Non Branded 019 Nâu Nhạt,https://yame.vn/products/ao-so-mi-tay-dai-modal-it-nhan-non-branded-19-nau-nhat-0024018,187.150 VND,197.000 VND,,,,,,,,,,,,,,,,
https://yame.vn/cdn/shop/files/ao-thun-no-style-02-tr-ng-1174878781.jpg?v=1760777900&width=533,Áo Thun Bird’s Eye Pique Ít Nhăn Non Branded 008 Trắng,https://yame.vn/products/ao-thun-bird-s-eye-pique-it-nhan-dang-vua-no-style-02-trang-0022932,82.650 VND,87.000 VND,,,,,,,,,,,,,,,,
https://yame.vn/cdn/shop/files/ao-thun-seventy-seven-04-den-1174883133.jpg?v=1760778660&width=533,Áo Thun Cotton Line Art Co Giãn Seventy Seven 004 Đen,https://yame.vn/products/ao-thun-cotton-line-art-co-gian-seventy-seven-04-den-0022714,149.150 VND,157.000 VND,,,,,,,,,,,,,,,,
https://yame.vn/cdn/shop/files/ao-khoac-seventy-seven-05-xanh-reu-1174884592.jpg?v=1760780360&width=533,Áo Khoác Gió Trượt Nước Seventy Seven 005 Xanh Lá Đậm,https://yame.vn/products/ao-khoac-gio-truot-nuoc-seventy-seven-05-xanh-reu-0023314,294.300 VND,327.000 VND,-10%,,,,,,,,,,,,,,,
https://yame.vn/cdn/shop/files/ao-polo-seventy-seven-17-be-1174885480.jpg?v=1760774220&width=533,Áo Polo Pique Thoáng Khí Seventy Seven 017 Nâu Nhạt,https://yame.vn/products/ao-polo-pique-thoang-khi-seventy-seven-17-be-0023239,215.650 VND,227.000 VND,,,,,,,,,,,,,,,,
https://yame.vn/cdn/shop/files/ao-s-mi-non-branded-33-xam-tr-ng-1174884148.jpg?v=1760785611&width=533,Áo Sơ Mi Modal Mềm Mịn Ít Nhăn Non Branded 033 Xám Nhạt,https://yame.vn/products/ao-so-mi-modal-mem-min-it-nhan-non-branded-33-xam-trang-0024144,187.150 VND,197.000 VND,,,,,,,,,,,,,,,,
https://yame.vn/cdn/shop/files/ao-s-mi-seventy-seven-22-den-1174882869.jpg?v=1760776989&width=533,Áo Sơ Mi Tay Ngắn Vải Nhung Corduroy Retro Ít Nhăn Seventy Seven 022 Đen,https://yame.vn/products/ao-so-mi-tay-ngan-vai-nhung-corduroy-retro-it-nhan-seventy-seven-22-den-0023256,244.150 VND,257.000 VND,,,,,,,,,,,,,,,,
https://yame.vn/cdn/shop/files/ao-s-mi-non-branded-19-xam-tr-ng-1174884375.jpg?v=1760774953&width=533,Áo Sơ Mi Tay Dài Modal Ít Nhăn Non Branded 019 Xám Nhạt,https://yame.vn/products/ao-so-mi-tay-dai-modal-it-nhan-non-branded-19-xam-trang-0024014,187.150 VND,197.000 VND,,,,,,,,,,,,,,,,
https://yame.vn/cdn/shop/files/0023229thumb1.jpg?v=1760798747&width=533,Áo Thun Tay Dài Line Art Seventy Seven 015 Xám,https://yame.vn/products/ao-thun-tay-dai-line-art-seventy-seven-15-xam-0023229,167.450 VND,197.000 VND,-15%,,,,,,,,,,,,,,,
https://yame.vn/cdn/shop/files/qu-n-dai-non-branded-41-xam-chi-1174881463.jpg?v=1760783960&width=533,Quần Jogger Sorona Mềm Mại Non Branded 041 Xám Đậm,https://yame.vn/products/quan-jogger-sorona-mem-mai-non-branded-041-xam-dam-0024294,310.650 VND,327.000 VND,,,,,,,,,,,,,,,,
https://yame.vn/cdn/shop/files/ao-khoac-seventy-seven-05-xam-tr-ng-1174884624.jpg?v=1760780301&width=533,Áo Khoác Gió Trượt Nước Seventy Seven 005 Xám Nhạt,https://yame.vn/products/ao-khoac-gio-truot-nuoc-seventy-seven-05-xam-trang-0023311,294.300 VND,327.000 VND,-10%,,,,,,,,,,,,,,,
https://yame.vn/cdn/shop/files/23224_thumb_1.jpg?v=1760776205&width=533,Áo Thun 3 Lỗ Cotton Thoáng Khí Seventy Seven 014 Xanh Lá Đậm,https://yame.vn/products/ao-thun-3-lo-cotton-thoang-khi-seventy-seven-14-xanh-reu-0023224,149.150 VND,157.000 VND,,,,,,,,,,,,,,,,
https://yame.vn/cdn/shop/files/ao-s-mi-seventy-seven-24-den-1174883121.jpg?v=1760775713&width=533,Áo Sơ Mi Cổ Trụ Linen Thoáng mát Seventy Seven 024 Đen,https://yame.vn/products/ao-so-mi-co-tru-linen-thoang-mat-seventy-seven-24-den-0023268,231.300 VND,257.000 VND,-10%,,,,,,,,,,,,,,,
https://yame.vn/cdn/shop/files/qu-n-short-non-branded-05-nau-1174882169.jpg?v=1760784571&width=533,Quần Short Thun 9 Inch Thoáng Mát Non Branded 005 Nâu,https://yame.vn/products/quan-short-thun-9-inch-thoang-mat-non-branded-05-nau-0023723,158.650 VND,167.000 VND,,,,,,,,,,,,,,,,
https://yame.vn/cdn/shop/files/ao-khoac-seventy-seven-39-nau-d-t-1174884570.jpg?v=1760780420&width=533,Áo Khoác Hoodie Waffle Thoáng Khí Seventy Seven 039 Nâu Đậm,https://yame.vn/products/ao-khoac-hoodie-waffle-thoang-khi-seventy-seven-39-nau-dat-0023192,272.650 VND,287.000 VND,,,,,,,,,,,,,,,,
https://yame.vn/cdn/shop/files/qu-n-tay-non-branded-30-xanh-den-1174881543.jpg?v=1760783076&width=533,Quần Tây Casual Co Giãn Ít Nhăn Non Branded 030 Xanh Dương Đậm,https://yame.vn/products/quan-tay-casual-co-gian-it-nhan-non-branded-030-xanh-duong-dam-0024118,357.300 VND,397.000 VND,-10%,,,,,,,,,,,,,,,
https://yame.vn/cdn/shop/files/ao-thun-seventy-seven-46-be-1174882944.jpg?v=1760779610&width=533,Áo Thun Waffle Line Art Co Giãn Seventy Seven 046 Be,https://yame.vn/products/ao-thun-waffle-line-art-co-gian-seventy-seven-46-be-0023556,168.150 VND,177.000 VND,,,,,,,,,,,,,,,,
https://yame.vn/cdn/shop/files/0023729thumb1.jpg?v=1760799426&width=533,Quần Jogger Thun Vải Bird Eye Mesh Non Branded 007 Xanh Dương Đậm,https://yame.vn/products/quan-jogger-thun-vai-bird-eye-mesh-non-branded-07-xanh-den-0023729,167.450 VND,197.000 VND,-15%,,,,,,,,,,,,,,,
https://yame.vn/cdn/shop/files/0023273thumb1.jpg?v=1760799005&width=533,Áo Sơ Mi Cổ Trụ Tay Dài Vải Modal Mềm Mịn Seventy Seven 026 Trắng,https://yame.vn/products/ao-so-mi-co-tru-tay-dai-vai-modal-mem-min-seventy-seven-26-trang-0023273,235.450 VND,277.000 VND,-15%,,,,,,,,,,,,,,,
https://yame.vn/cdn/shop/files/ao-khoac-seventy-seven-05-den-1174884607.jpg?v=1760780338&width=533,Áo Khoác Gió Trượt Nước Seventy Seven 005 Đen,https://yame.vn/products/ao-khoac-gio-truot-nuoc-seventy-seven-05-den-0023309,294.300 VND,327.000 VND,-10%,,,,,,,,,,,,,,,
https://yame.vn/cdn/shop/files/ao-thun-seventy-seven-42-den-1174883441.jpg?v=1760777592&width=533,Áo Thun Waffle Co Giãn Seventy Seven 042 Đen,https://yame.vn/products/ao-thun-waffle-co-gian-seventy-seven-42-den-0023558,168.150 VND,177.000 VND,,,,,,,,,,,,,,,,
https://yame.vn/cdn/shop/files/qu-n-short-seventy-seven-31-xanh-den-1174881867.jpg?v=1760786171&width=533,Quần Short Cargo 7 Inch Dù Trượt Nước Seventy Seven 031 Xanh Dương Đậm,https://yame.vn/products/quan-short-cargo-7-inch-du-truot-nuoc-seventy-seven-31-xanh-den-0023288,215.650 VND,227.000 VND,,,,,,,,,,,,,,,,
https://yame.vn/cdn/shop/files/ao-thun-seventy-seven-43-tr-ng-1174883024.jpg?v=1760779174&width=533,Áo Thun Ribbing Mềm Mại Bền Bỉ Seventy Seven 043 Trắng,https://yame.vn/products/ao-thun-ribbing-mem-mai-ben-bi-seventy-seven-43-trang-0023561,168.150 VND,177.000 VND,,,,,,,,,,,,,,,,
https://yame.vn/cdn/shop/files/0023198_thumb_1.jpg?v=1760798687&width=533,Áo Khoác Gile Nam Vải Waffle Thoáng Khí Seventy Seven 006 Đen,https://yame.vn/products/ao-khoac-gile-nam-vai-waffle-thoang-khi-seventy-seven-06-den-0023198,192.950 VND,227.000 VND,-15%,,,,,,,,,,,,,,,
https://yame.vn/cdn/shop/files/0023286_thumb_1.jpg?v=1760796933&width=533,Quần Short Nam Thun Waffle 7 Inch Thoáng Khí Seventy Seven 030 Xám Nhạt,https://yame.vn/products/quan-short-nam-thun-waffle-7-inch-thoang-khi-seventy-seven-30-xam-trang-0023286,192.950 VND,227.000 VND,-15%,,,,,,,,,,,,,,,
https://yame.vn/cdn/shop/files/qu-n-dai-non-branded-41-xanh-den-1174881418.jpg?v=1760786739&width=533,Quần Jogger Sorona Mềm Mại Non Branded 041 Xanh Dương Đậm,https://yame.vn/products/quan-jogger-sorona-mem-mai-non-branded-041-xanh-duong-dam-0024298,310.650 VND,327.000 VND,,,,,,,,,,,,,,,,
https://yame.vn/cdn/shop/files/ao-khoac-seventy-seven-08-xanh-reu-1174885045.jpg?v=1760779692&width=533,Áo Khoác Kaki Chống Nắng Bền Bỉ Seventy Seven 008 Xanh Lá Đậm,https://yame.vn/products/ao-khoac-kaki-chong-nang-ben-bi-seventy-seven-08-xanh-reu-0023208,282.150 VND,297.000 VND,,,,,,,,,,,,,,,,
https://yame.vn/cdn/shop/files/ao-khoac-seventy-seven-07-xam-reu-1174885178.jpg?v=1760779055&width=533,Áo Khoác Kaki Chống Nắng Seventy Seven 007 Xám,https://yame.vn/products/ao-khoac-kaki-chong-nang-seventy-seven-07-xam-reu-0023204,339.150 VND,357.000 VND,,,,,,,,,,,,,,,,
https://yame.vn/cdn/shop/files/23223_thumb_1.jpg?v=1760776105&width=533,Áo Thun 3 Lỗ Cotton Thoáng Khí Seventy Seven 014 Trắng,https://yame.vn/products/ao-thun-3-lo-cotton-thoang-khi-seventy-seven-14-trang-0023223,149.150 VND,157.000 VND,,,,,,,,,,,,,,,,
https://yame.vn/cdn/shop/files/ao-s-mi-seventy-seven-24-xanh-den-1174883277.jpg?v=1760775652&width=533,Áo Sơ Mi Cổ Trụ Linen Thoáng mát Seventy Seven 024 Xanh Dương Đậm,https://yame.vn/products/ao-so-mi-co-tru-linen-thoang-mat-seventy-seven-24-xanh-den-0023266,231.300 VND,257.000 VND,-10%,,,,,,,,,,,,,,,
https://yame.vn/cdn/shop/files/qu-n-short-seventy-seven-31-xanh-reu-1174881888.jpg?v=1760786068&width=533,Quần Short Cargo 7 Inch Dù Trượt Nước Seventy Seven 031 Xanh Lá Đậm,https://yame.vn/products/quan-short-cargo-7-inch-du-truot-nuoc-seventy-seven-31-xanh-reu-0023289,215.650 VND,227.000 VND,,,,,,,,,,,,,,,,
https://yame.vn/cdn/shop/files/qu-n-dai-non-branded-32-den-1174882743.jpg?v=1760782162&width=533,Quần Kaki Chinos Co Giãn Non Branded 032 Đen,https://yame.vn/products/quan-kaki-chinos-co-gian-non-branded-032-den-0024162,377.150 VND,397.000 VND,,,,,,,,,,,,,,,,
https://yame.vn/cdn/shop/files/ao-thun-seventy-seven-45-xanh-reu-1174882990.jpg?v=1760779367&width=533,Áo Thun Tay Ngắn Vải Ribbing Co Giãn Seventy Seven 045 Xanh Lá Đậm,https://yame.vn/products/ao-thun-tay-ngan-vai-ribbing-co-gian-seventy-seven-45-xanh-reu-0023547,168.150 VND,177.000 VND,,,,,,,,,,,,,,,,
https://yame.vn/cdn/shop/files/ao-thun-seventy-seven-43-be-1174883006.jpg?v=1760779296&width=533,Áo Thun Ribbing Mềm Mại Bền Bỉ Seventy Seven 043 Be,https://yame.vn/products/ao-thun-ribbing-mem-mai-ben-bi-seventy-seven-43-be-0023562,168.150 VND,177.000 VND,,,,,,,,,,,,,,,,
https://yame.vn/cdn/shop/files/ao-thun-seventy-seven-43-nau-1174883014.jpg?v=1760779223&width=533,Áo Thun Ribbing Mềm Mại Bền Bỉ Seventy Seven 043 Nâu,https://yame.vn/products/ao-thun-ribbing-mem-mai-ben-bi-seventy-seven-43-nau-0023560,168.150 VND,177.000 VND,,,,,,,,,,,,,,,,
https://yame.vn/cdn/shop/files/ao-thun-seventy-seven-04-xam-xanh-1174883175.jpg?v=1760778548&width=533,Áo Thun Cotton Line Art Co Giãn Seventy Seven 004 Xanh Ngọc Nhạt,https://yame.vn/products/ao-thun-cotton-line-art-co-gian-seventy-seven-04-xam-xanh-0022718,149.150 VND,157.000 VND,,,,,,,,,,,,,,,,
https://yame.vn/cdn/shop/files/ao-khoac-seventy-seven-39-xam-1174884548.jpg?v=1760780460&width=533,Áo Khoác Hoodie Waffle Thoáng Khí Seventy Seven 039 Xám,https://yame.vn/products/ao-khoac-hoodie-waffle-thoang-khi-seventy-seven-39-xam-0023191,272.650 VND,287.000 VND,,,,,,,,,,,,,,,,
https://yame.vn/cdn/shop/files/ao-thun-non-branded-39-den-1174881987.jpg?v=1760778403&width=533,Áo Thun Cotton Wash Siêu Mềm Non Branded 039 Đen,https://yame.vn/products/ao-thun-cotton-wash-sieu-mem-non-branded-39-den-0024241,149.150 VND,157.000 VND,,,,,,,,,,,,,,,,
https://yame.vn/cdn/shop/files/0023732_thumb_1.jpg?v=1760799496&width=533,Quần Jogger Thun Vải Bird Eye Mesh Non Branded 007 Be,https://yame.vn/products/quan-jogger-thun-vai-bird-eye-mesh-non-branded-07-be-0023732,167.450 VND,197.000 VND,-15%,,,,,,,,,,,,,,,
https://yame.vn/cdn/shop/files/0023242_thumb_1.jpg?v=1760798893&width=533,Áo Polo Cổ Khóa Kéo Vải Pique Thoáng Khí Seventy Seven 018 Be Đen,https://yame.vn/products/ao-polo-co-khoa-keo-vai-pique-thoang-khi-seventy-seven-18-be-den-0023242,192.950 VND,227.000 VND,-15%,,,,,,,,,,,,,,,
https://yame.vn/cdn/shop/files/0023287_thumb_1.jpg?v=1760796978&width=533,Quần Short Nam Thun Waffle 7 Inch Thoáng Khí Seventy Seven 030 Trắng,https://yame.vn/products/quan-short-nam-thun-waffle-7-inch-thoang-khi-seventy-seven-30-trang-0023287,192.950 VND,227.000 VND,-15%,,,,,,,,,,,,,,,
https://yame.vn/cdn/shop/files/ao-khoac-seventy-seven-37-den-1174885016.jpg?v=1760779712&width=533,Áo Khoác Kaki Corduroy Ít Nhăn Seventy Seven 037 Đen,https://yame.vn/products/ao-khoac-kaki-corduroy-it-nhan-seventy-seven-37-den-0023179,339.150 VND,357.000 VND,,,,,,,,,,,,,,,,
https://yame.vn/cdn/shop/files/qu-n-short-seventy-seven-31-nau-1174881874.jpg?v=1760786138&width=533,Quần Short Cargo 7 Inch Dù Trượt Nước Seventy Seven 031 Nâu,https://yame.vn/products/quan-short-cargo-7-inch-du-truot-nuoc-seventy-seven-31-nau-0023291,215.650 VND,227.000 VND,,,,,,,,,,,,,,,,
https://yame.vn/cdn/shop/files/0023733_thumb_1.jpg?v=1760799519&width=533,Quần Jogger Thun Vải Bird Eye Mesh Non Branded 007 Xanh Lá Đậm,https://yame.vn/products/quan-jogger-thun-vai-bird-eye-mesh-non-branded-07-xanh-reu-0023733,167.450 VND,197.000 VND,-15%,,,,,,,,,,,,,,,
https://yame.vn/cdn/shop/files/0023274_thumb_1.jpg?v=1760799021&width=533,Áo Sơ Mi Cổ Trụ Tay Dài Vải Modal Mềm Mịn Seventy Seven 026 Xanh Dương Nhạt,https://yame.vn/products/ao-so-mi-co-tru-tay-dai-vai-modal-mem-min-seventy-seven-26-xanh-duong-nhat-0023274,235.450 VND,277.000 VND,-15%,,,,,,,,,,,,,,,
https://yame.vn/cdn/shop/files/ao-khoac-non-branded-13-xam-1174884895.jpg?v=1760780018&width=533,Áo Khoác Thun Chống Nắng Thoáng Khí Non Branded 013 Xám,https://yame.vn/products/ao-khoac-thun-chong-nang-thoang-khi-non-branded-13-xam-0023928,282.150 VND,297.000 VND,,,,,,,,,,,,,,,,
https://yame.vn/cdn/shop/files/ao-s-mi-seventy-seven-22-xanh-reu-1174882830.jpg?v=1760777100&width=533,Áo Sơ Mi Tay Ngắn Vải Nhung Corduroy Retro Ít Nhăn Seventy Seven 022 Xanh Lá Đậm,https://yame.vn/products/ao-so-mi-tay-ngan-vai-nhung-corduroy-retro-it-nhan-seventy-seven-22-xanh-reu-0023259,244.150 VND,257.000 VND,,,,,,,,,,,,,,,,
https://yame.vn/cdn/shop/files/0023285_thumb_1.jpg?v=1760796893&width=533,Quần Short Nam Thun Waffle 7 Inch Thoáng Khí Seventy Seven 030 Be,https://yame.vn/products/quan-short-nam-thun-waffle-7-inch-thoang-khi-seventy-seven-30-be-0023285,192.950 VND,227.000 VND,-15%,,,,,,,,,,,,,,,
https://yame.vn/cdn/shop/files/24314.jpg?v=1760793636&width=533,Áo Khoác Gió Parka Siêu Nhẹ Gấp Gọn Thông Minh Non Branded 046 Xám Nhạt,https://yame.vn/products/ao-khoac-gio-parka-sieu-nhe-gap-gon-thong-minh-non-branded-046-xam-nhat-0024314,310.650 VND,327.000 VND,,,,,,,,,,,,,,,,
https://yame.vn/cdn/shop/files/qu-n-dai-non-branded-41-xam-d-m-1174881240.jpg?v=1760783797&width=533,Quần Jogger Sorona Mềm Mại Non Branded 041 Xám Tối,https://yame.vn/products/quan-jogger-sorona-mem-mai-non-branded-041-xam-toi-0024295,310.650 VND,327.000 VND,,,,,,,,,,,,,,,,
https://yame.vn/cdn/shop/files/ao-khoac-seventy-seven-05-xanh-den-1174884642.jpg?v=1760780260&width=533,Áo Khoác Gió Trượt Nước Seventy Seven 005 Xanh Dương Đậm,https://yame.vn/products/ao-khoac-gio-truot-nuoc-seventy-seven-05-xanh-den-0023310,294.300 VND,327.000 VND,-10%,,,,,,,,,,,,,,,
https://yame.vn/cdn/shop/files/ao-khoac-non-branded-13-xanh-den-1174884530.jpg?v=1760779979&width=533,Áo Khoác Thun Chống Nắng Thoáng Khí Non Branded 013 Xanh Dương Đậm,https://yame.vn/products/ao-khoac-thun-chong-nang-thoang-khi-non-branded-13-xanh-den-0023930,282.150 VND,297.000 VND,,,,,,,,,,,,,,,,
https://yame.vn/cdn/shop/files/qu-n-dai-non-branded-32-kem-1174882786.jpg?v=1760781695&width=533,Quần Kaki Chinos Co Giãn Non Branded 032 Be,https://yame.vn/products/quan-kaki-chinos-co-gian-non-branded-032-be-0024163,377.150 VND,397.000 VND,,,,,,,,,,,,,,,,
https://yame.vn/cdn/shop/files/ao-s-mi-non-branded-33-h-ng-1174884144.jpg?v=1760775468&width=533,Áo Sơ Mi Modal Mềm Mịn Ít Nhăn Non Branded 033 Hồng,https://yame.vn/products/ao-so-mi-modal-mem-min-it-nhan-non-branded-33-hong-0024147,187.150 VND,197.000 VND,,,,,,,,,,,,,,,,
https://yame.vn/cdn/shop/files/ao-khoac-seventy-seven-39-be-1174884575.jpg?v=1760780398&width=533,Áo Khoác Hoodie Waffle Thoáng Khí Seventy Seven 039 Be,https://yame.vn/products/ao-khoac-hoodie-waffle-thoang-khi-seventy-seven-39-be-0023189,272.650 VND,287.000 VND,,,,,,,,,,,,,,,,
https://yame.vn/cdn/shop/files/ao-thun-seventy-seven-03-den-xam-1174883572.jpg?v=1760781216&width=533,Áo Thun Raglan Phối Màu Seventy Seven 003 Đen Xám,https://yame.vn/products/ao-thun-raglan-phoi-mau-seventy-seven-03-den-xam-0022713,168.150 VND,177.000 VND,,,,,,,,,,,,,,,,
https://yame.vn/cdn/shop/files/ao-thun-seventy-seven-42-nau-1174883463.jpg?v=1760777528&width=533,Áo Thun Waffle Co Giãn Seventy Seven 042 Nâu Đậm,https://yame.vn/products/ao-thun-waffle-co-gian-seventy-seven-42-nau-0023559,168.150 VND,177.000 VND,,,,,,,,,,,,,,,,
https://yame.vn/cdn/shop/files/ao-khoac-seventy-seven-37-kem-1174884062.jpg?v=1760784026&width=533,Áo Khoác Kaki Corduroy Ít Nhăn Seventy Seven 037 Be,https://yame.vn/products/ao-khoac-kaki-corduroy-it-nhan-seventy-seven-37-kem-0023180,339.150 VND,357.000 VND,,,,,,,,,,,,,,,,
https://yame.vn/cdn/shop/files/ao-khoac-seventy-seven-37-xanh-d-ng-1174884544.jpg?v=1760779782&width=533,Áo Khoác Kaki Corduroy Ít Nhăn Seventy Seven 037 Xanh Ngọc Nhạt,https://yame.vn/products/ao-khoac-kaki-corduroy-it-nhan-seventy-seven-37-kem-0023182,339.150 VND,357.000 VND,,,,,,,,,,,,,,,,
https://yame.vn/cdn/shop/files/23225_thumb_1.jpg?v=1760776157&width=533,Áo Thun 3 Lỗ Cotton Thoáng Khí Seventy Seven 014 Nâu Nhạt,https://yame.vn/products/ao-thun-3-lo-cotton-thoang-khi-seventy-seven-14-be-0023225,149.150 VND,157.000 VND,,,,,,,,,,,,,,,,
https://yame.vn/cdn/shop/files/0024590_thumb_1.jpg?v=1760801443&width=533,Áo Sơ Mi Tay Dài Siêu Mịn Seventy Seven 062 Xanh Dương Đậm,https://yame.vn/products/ao-so-mi-tay-dai-sieu-min-seventy-seven-53-xanh-den-0024590,282.150 VND,297.000 VND,,,,,,,,,,,,,,,,
https://yame.vn/cdn/shop/files/0023730_thumb_1.jpg?v=1760799448&width=533,Quần Jogger Thun Vải Bird Eye Mesh Non Branded 007 Nâu Đậm,https://yame.vn/products/quan-jogger-thun-vai-bird-eye-mesh-non-branded-07-nau-reu-0023730,167.450 VND,197.000 VND,-15%,,,,,,,,,,,,,,,
https://yame.vn/cdn/shop/files/0023240thumb1.jpg?v=1760798846&width=533,Áo Polo Cổ Khóa Kéo Vải Pique Thoáng Khí Seventy Seven 018 Nâu Be,https://yame.vn/products/ao-polo-co-khoa-keo-vai-pique-thoang-khi-seventy-seven-18-nau-0023240,192.950 VND,227.000 VND,-15%,,,,,,,,,,,,,,,
https://yame.vn/cdn/shop/files/0023199_thumb_1.jpg?v=1760798707&width=533,Áo Khoác Gile Nam Vải Waffle Thoáng Khí Seventy Seven 006 Xám,https://yame.vn/products/ao-khoac-gile-nam-vai-waffle-thoang-khi-seventy-seven-06-xam-0023199,192.950 VND,227.000 VND,-15%,,,,,,,,,,,,,,,
https://yame.vn/cdn/shop/files/ao-khoac-seventy-seven-05-xanh-bich-1174884611.jpg?v=1760780319&width=533,Áo Khoác Gió Trượt Nước Seventy Seven 005 Xanh Dương,https://yame.vn/products/ao-khoac-gio-truot-nuoc-seventy-seven-05-xanh-bich-0023315,294.300 VND,327.000 VND,-10%,,,,,,,,,,,,,,,
https://yame.vn/cdn/shop/files/ao-khoac-seventy-seven-37-xanh-reu-1174884994.jpg?v=1760779800&width=533,Áo Khoác Kaki Corduroy Ít Nhăn Seventy Seven 037 Xanh Lá Đậm,https://yame.vn/products/ao-khoac-kaki-corduroy-it-nhan-seventy-seven-37-xanh-reu-0023178,339.150 VND,357.000 VND,,,,,,,,,,,,,,,,
https://yame.vn/cdn/shop/files/qu-n-dai-seventy-seven-34-den-1174881314.jpg?v=1760783644&width=533,Quần Jogger Dù Nhẹ Nhanh Khô Seventy Seven 034 Đen,https://yame.vn/products/quan-jogger-du-nhe-nhanh-kho-seventy-seven-34-den-0023301,263.150 VND,277.000 VND,,,,,,,,,,,,,,,,
https://yame.vn/cdn/shop/files/ao-s-mi-tay-dai-seventy-seven-52-tr-ng-1187130541.jpg?v=1760792687&width=533,Áo Sơ Mi Tay Dài Siêu Mịn Seventy Seven 061 Trắng,https://yame.vn/products/ao-so-mi-tay-dai-sieu-min-seventy-seven-52-trang-0024579,282.150 VND,297.000 VND,,,,,,,,,,,,,,,,
https://yame.vn/cdn/shop/files/ao-thun-seventy-seven-03-tr-ng-den-1174883543.jpg?v=1760781264&width=533,Áo Thun Raglan Phối Màu Seventy Seven 003 Trắng Đen,https://yame.vn/products/ao-thun-raglan-phoi-mau-seventy-seven-03-trang-den-0022708,168.150 VND,177.000 VND,,,,,,,,,,,,,,,,
https://yame.vn/cdn/shop/files/ao-thun-cotton-wash-sieu-m-m-non-branded-39-xanh-reu-1194133823.jpg?v=1760778437&width=533,Áo Thun Cotton Wash Siêu Mềm Non Branded 039 Xanh Lá Đậm,https://yame.vn/products/ao-thun-cotton-wash-sieu-mem-non-branded-39-xanh-la-dam-0024246,149.150 VND,157.000 VND,,,,,,,,,,,,,,,,
https://yame.vn/cdn/shop/files/ao-s-mi-seventy-seven-22-nau-1174882858.jpg?v=1760777120&width=533,Áo Sơ Mi Tay Ngắn Vải Nhung Corduroy Retro Ít Nhăn Seventy Seven 022 Nâu Đen,https://yame.vn/products/ao-so-mi-tay-ngan-vai-nhung-corduroy-retro-it-nhan-seventy-seven-22-nau-0023257,244.150 VND,257.000 VND,,,,,,,,,,,,,,,,
https://yame.vn/cdn/shop/files/ao-s-mi-seventy-seven-23-be-1174882940.jpg?v=1760776699&width=533,Áo Sơ Mi Cuban Corduroy Ít Nhăn Seventy Seven 023 Nâu Nhạt,https://yame.vn/products/ao-so-mi-cuban-corduroy-it-nhan-seventy-seven-23-be-0023262,244.150 VND,257.000 VND,,,,,,,,,,,,,,,,
https://yame.vn/cdn/shop/files/23226_thumb_1.jpg?v=1760776131&width=533,Áo Thun 3 Lỗ Cotton Thoáng Khí Seventy Seven 014 Xám Đậm,https://yame.vn/products/ao-thun-3-lo-cotton-thoang-khi-seventy-seven-14-xam-dam-0023226,149.150 VND,157.000 VND,,,,,,,,,,,,,,,,
https://yame.vn/cdn/shop/files/ao-polo-seventy-seven-19-den-xam-1174885285.jpg?v=1760774616&width=533,Áo Polo Phối Màu Pique Thoáng Mát Seventy Seven 019 Đen Xám,https://yame.vn/products/ao-polo-phoi-mau-pique-thoang-mat-seventy-seven-19-den-xam-0023246,215.650 VND,227.000 VND,,,,,,,,,,,,,,,,
https://yame.vn/cdn/shop/files/0023243_thumb_1.jpg?v=1760798917&width=533,Áo Polo Cổ Khóa Kéo Vải Pique Thoáng Khí Seventy Seven 018 Xám Đen,https://yame.vn/products/ao-polo-co-khoa-keo-vai-pique-thoang-khi-seventy-seven-18-xam-den-0023243,192.950 VND,227.000 VND,-15%,,,,,,,,,,,,,,,
https://yame.vn/cdn/shop/files/0023200_thumb_1.jpg?v=1760798728&width=533,Áo Khoác Gile Nam Vải Waffle Thoáng Khí Seventy Seven 006 Nâu Nhạt,https://yame.vn/products/ao-khoac-gile-nam-vai-waffle-thoang-khi-seventy-seven-06-nau-nhat-0023200,192.950 VND,227.000 VND,-15%,,,,,,,,,,,,,,,
https://yame.vn/cdn/shop/files/21930thumb1.jpg?v=1760793450&width=533,Áo Thun Tay Ngắn Pique Mát Mịn Ít Nhăn Non Branded 008 Xanh Dương Nhạt,https://yame.vn/products/ao-thun-bird-s-eye-pique-it-nhan-dang-vua-no-style-02-vol-23-xanh-bien-0021930,82.650 VND,87.000 VND,,,,,,,,,,,,,,,,
https://yame.vn/cdn/shop/files/24313thumb9.jpg?v=1760793654&width=533,Áo Khoác Gió Parka Siêu Nhẹ Gấp Gọn Thông Minh Non Branded 046 Xám Đậm,https://yame.vn/products/ao-khoac-gio-parka-sieu-nhe-gap-gon-thong-minh-non-branded-046-xam-dam-0024313,310.650 VND,327.000 VND,,,,,,,,,,,,,,,,
https://yame.vn/cdn/shop/files/24315thumb6.jpg?v=1760793615&width=533,Áo Khoác Gió Parka Siêu Nhẹ Gấp Gọn Thông Minh Non Branded 046 Xanh Dương Đậm,https://yame.vn/products/ao-khoac-gio-parka-sieu-nhe-gap-gon-thong-minh-non-branded-046-xanh-duong-dam-0024315,310.650 VND,327.000 VND,,,,,,,,,,,,,,,,
https://yame.vn/cdn/shop/files/0023276_thumb_1.jpg?v=1760799054&width=533,Áo Sơ Mi Cổ Trụ Tay Dài Vải Modal Mềm Mịn Seventy Seven 026 Xanh Dương Đậm,https://yame.vn/products/ao-so-mi-co-tru-tay-dai-vai-modal-mem-min-seventy-seven-26-xanh-duong-dam-0023276,235.450 VND,277.000 VND,-15%,,,,,,,,,,,,,,,
https://yame.vn/cdn/shop/files/ao-khoac-seventy-seven-05-tr-ng-1174884652.jpg?v=1760780242&width=533,Áo Khoác Gió Trượt Nước Seventy Seven 005 Trắng,https://yame.vn/products/ao-khoac-gio-truot-nuoc-seventy-seven-05-trang-0023312,294.300 VND,327.000 VND,-10%,,,,,,,,,,,,,,,
https://yame.vn/cdn/shop/files/ao-khoac-seventy-seven-40-kem-1174884517.jpg?v=1760780066&width=533,Áo Khoác Gió Trượt Nước Seventy Seven 040 Be,https://yame.vn/products/ao-khoac-gio-truot-nuoc-seventy-seven-40-kem-0023196,282.150 VND,297.000 VND,,,,,,,,,,,,,,,,
https://yame.vn/cdn/shop/files/ao-khoac-seventy-seven-08-vang-1174885118.jpg?v=1760779419&width=533,Áo Khoác Kaki Chống Nắng Bền Bỉ Seventy Seven 008 Vàng Nhạt,https://yame.vn/products/ao-khoac-kaki-chong-nang-ben-bi-seventy-seven-08-vang-0023205,282.150 VND,297.000 VND,,,,,,,,,,,,,,,,
https://yame.vn/cdn/shop/files/ao-khoac-seventy-seven-08-kem-1174885136.jpg?v=1760779345&width=533,Áo Khoác Kaki Chống Nắng Bền Bỉ Seventy Seven 008 Be,https://yame.vn/products/ao-khoac-kaki-chong-nang-ben-bi-seventy-seven-08-kem-0023206,282.150 VND,297.000 VND,,,,,,,,,,,,,,,,
https://yame.vn/cdn/shop/files/ao-s-mi-non-branded-38-tr-ng-1174884095.jpg?v=1760775574&width=533,Áo Sơ Mi Cổ Trụ Vải Modal Mềm Mịn Ít Nhăn Non Branded 038 Trắng,https://yame.vn/products/ao-so-mi-co-tru-vai-modal-mem-min-it-nhan-non-branded-38-trang-0022462,282.150 VND,297.000 VND,,,,,,,,,,,,,,,,
https://yame.vn/cdn/shop/files/qu-n-dai-seventy-seven-34-xanh-reu-1174881332.jpg?v=1760783544&width=533,Quần Jogger Dù Nhẹ Nhanh Khô Seventy Seven 034 Xanh Lá Đậm,https://yame.vn/products/quan-jogger-du-nhe-nhanh-kho-seventy-seven-34-xanh-reu-0023303,263.150 VND,277.000 VND,,,,,,,,,,,,,,,,
https://yame.vn/cdn/shop/files/qu-n-tay-non-branded-30-xam-1174881562.jpg?v=1760783260&width=533,Quần Tây Casual Co Giãn Ít Nhăn Non Branded 030 Xám Đậm,https://yame.vn/products/quan-tay-casual-co-gian-it-nhan-non-branded-030-xam-dam-0024119,357.300 VND,397.000 VND,-10%,,,,,,,,,,,,,,,
https://yame.vn/cdn/shop/files/ao-thun-seventy-seven-03-tr-ng-reu-1174883589.jpg?v=1760781154&width=533,Áo Thun Raglan Phối Màu Seventy Seven 003 Trắng Xanh Lá,https://yame.vn/products/ao-thun-raglan-phoi-mau-seventy-seven-03-trang-reu-0022711,168.150 VND,177.000 VND,,,,,,,,,,,,,,,,
https://yame.vn/cdn/shop/files/ao-s-mi-non-branded-33-d-do-1174884131.jpg?v=1760775488&width=533,Áo Sơ Mi Modal Mềm Mịn Ít Nhăn Non Branded 033 Đỏ Đậm,https://yame.vn/products/ao-so-mi-modal-mem-min-it-nhan-non-branded-33-do-do-0024145,187.150 VND,197.000 VND,,,,,,,,,,,,,,,,
https://yame.vn/cdn/shop/files/0024614_thumb_1.jpg?v=1761644086&width=533,Áo Thun Slim Fit Co Giãn Non Branded 054 Xám,https://yame.vn/products/ao-thun-slim-fit-co-gian-non-branded-47-xam-0024614,120.650 VND,127.000 VND,,,,,,,,,,,,,,,,
https://yame.vn/cdn/shop/files/0024612_thumb_1.jpg?v=1761644052&width=533,Áo Thun Slim Fit Co Giãn Non Branded 054 Trắng,https://yame.vn/products/ao-thun-slim-fit-co-gian-non-branded-47-trang-0024612,120.650 VND,127.000 VND,,,,,,,,,,,,,,,,
https://yame.vn/cdn/shop/files/0023250_thumb_1.jpg?v=1760798984&width=533,Áo Polo Tay Dài Seventy Seven 020 Xanh Dương Đậm,https://yame.vn/products/ao-polo-tay-dai-seventy-seven-20-xanh-den-0023250,218.450 VND,257.000 VND,-15%,,,,,,,,,,,,,,,
https://yame.vn/cdn/shop/files/0023235_thumb_1.jpg?v=1760798809&width=533,Áo Thun Tay Dài Cotton Phối Màu Seventy Seven 016 Xám Đậm,https://yame.vn/products/ao-thun-tay-dai-cotton-phoi-mau-seventy-seven-16-xam-0023235,167.450 VND,197.000 VND,-15%,,,,,,,,,,,,,,,
https://yame.vn/cdn/shop/files/qu-n-dai-non-branded-41-nau-nh-t-1174881399.jpg?v=1760783933&width=533,Quần Jogger Sorona Mềm Mại Non Branded 041 Nâu Nhạt,https://yame.vn/products/quan-jogger-sorona-mem-mai-non-branded-041-nau-nhat-0024297,310.650 VND,327.000 VND,,,,,,,,,,,,,,,,
https://yame.vn/cdn/shop/files/qu-n-tay-non-branded-30-kem-1174881571.jpg?v=1760783298&width=533,Quần Tây Casual Co Giãn Ít Nhăn Non Branded 030 Be,https://yame.vn/products/quan-tay-casual-co-gian-it-nhan-non-branded-030-be-0024116,357.300 VND,397.000 VND,-10%,,,,,,,,,,,,,,,
https://yame.vn/cdn/shop/files/qu-n-dai-seventy-seven-33-xanh-reu-1174881683.jpg?v=1760782345&width=533,Quần Jogger Corduroy Ít Nhăn Seventy Seven 033 Xanh Lá Đậm,https://yame.vn/products/quan-jogger-corduroy-it-nhan-seventy-seven-33-xanh-reu-0023298,282.150 VND,297.000 VND,,,,,,,,,,,,,,,,
https://yame.vn/cdn/shop/files/qu-n-dai-non-branded-32-xanh-reu-1174882779.jpg?v=1760781905&width=533,Quần Kaki Chinos Co Giãn Non Branded 032 Xanh Lá Đậm,https://yame.vn/products/quan-kaki-chinos-co-gian-non-branded-032-xanh-la-dam-0024165,377.150 VND,397.000 VND,,,,,,,,,,,,,,,,
https://yame.vn/cdn/shop/files/ao-s-mi-seventy-seven-23-nau-1174882910.jpg?v=1760776740&width=533,Áo Sơ Mi Cuban Corduroy Ít Nhăn Seventy Seven 023 Nâu Đậm,https://yame.vn/products/ao-so-mi-cuban-corduroy-it-nhan-seventy-seven-23-nau-0023263,244.150 VND,257.000 VND,,,,,,,,,,,,,,,,
https://yame.vn/cdn/shop/files/ao-s-mi-seventy-seven-23-xanh-reu-1174882914.jpg?v=1760776721&width=533,Áo Sơ Mi Cuban Corduroy Ít Nhăn Seventy Seven 023 Xanh Lá Đậm,https://yame.vn/products/ao-so-mi-cuban-corduroy-it-nhan-seventy-seven-23-xanh-reu-0023260,244.150 VND,257.000 VND,,,,,,,,,,,,,,,,
https://yame.vn/cdn/shop/files/ao-s-mi-non-branded-19-h-ng-1174884411.jpg?v=1760774874&width=533,Áo Sơ Mi Tay Dài Modal Ít Nhăn Non Branded 019 Hồng,https://yame.vn/products/ao-so-mi-tay-dai-modal-it-nhan-non-branded-19-hong-0024017,187.150 VND,197.000 VND,,,,,,,,,,,,,,,,
https://yame.vn/cdn/shop/files/ao-polo-seventy-seven-19-tr-ng-d-1174885306.jpg?v=1760774542&width=533,Áo Polo Phối Màu Pique Thoáng Mát Seventy Seven 019 Trắng Đỏ,https://yame.vn/products/ao-polo-phoi-mau-pique-thoang-mat-seventy-seven-19-trang-do-0023245,215.650 VND,227.000 VND,,,,,,,,,,,,,,,,
https://yame.vn/cdn/shop/files/0024616_thumb_1.jpg?v=1761644123&width=533,Áo Thun Slim Fit Co Giãn Non Branded 054 Đỏ Đậm,https://yame.vn/products/ao-thun-slim-fit-co-gian-non-branded-47-do-0024616,120.650 VND,127.000 VND,,,,,,,,,,,,,,,,
https://yame.vn/cdn/shop/files/0024611thumb1.jpg?v=1761644026&width=533,Áo Thun Slim Fit Co Giãn Non Branded 054 Đen,https://yame.vn/products/ao-thun-slim-fit-co-gian-non-branded-47-den-0024611,120.650 VND,127.000 VND,,,,,,,,,,,,,,,,
https://yame.vn/cdn/shop/files/0023307_thumb_1.jpg?v=1760799190&width=533,Quần Jogger Thun Seventy Seven 035 Nâu,https://yame.vn/products/quan-jogger-thun-seventy-seven-35-kem-0023307,235.450 VND,277.000 VND,-15%,,,,,,,,,,,,,,,
https://yame.vn/cdn/shop/files/0023306thumb1.jpg?v=1760799169&width=533,Quần Jogger Thun Seventy Seven 035 Xanh Lá Đậm,https://yame.vn/products/quan-jogger-thun-seventy-seven-35-xanh-reu-0023306,235.450 VND,277.000 VND,-15%,,,,,,,,,,,,,,,
https://yame.vn/cdn/shop/files/0023293_thumb_1.jpg?v=1760799128&width=533,Quần Short Nam Corduroy Lưng Thun Seventy Seven 032 Xanh Lá Đậm,https://yame.vn/products/quan-short-nam-corduroy-lung-thun-seventy-seven-32-xanh-reu-0023293,192.950 VND,227.000 VND,-15%,,,,,,,,,,,,,,,
https://yame.vn/cdn/shop/files/0023292thumb1.jpg?v=1760799091&width=533,Quần Short Nam Corduroy Lưng Thun Seventy Seven 032 Nâu Đậm,https://yame.vn/products/quan-short-nam-corduroy-lung-thun-seventy-seven-32-nau-0023292,192.950 VND,227.000 VND,-15%,,,,,,,,,,,,,,,
https://yame.vn/cdn/shop/files/0023275_thumb_1.jpg?v=1760799039&width=533,Áo Sơ Mi Cổ Trụ Tay Dài Vải Modal Mềm Mịn Seventy Seven 026 Đen,https://yame.vn/products/ao-so-mi-co-tru-tay-dai-vai-modal-mem-min-seventy-seven-26-den-0023275,235.450 VND,277.000 VND,-15%,,,,,,,,,,,,,,,
https://yame.vn/cdn/shop/files/0023248thumb1.jpg?v=1760798941&width=533,Áo Polo Tay Dài Seventy Seven 020 Đen,https://yame.vn/products/ao-polo-tay-dai-seventy-seven-20-den-0023248,218.450 VND,257.000 VND,-15%,,,,,,,,,,,,,,,
https://yame.vn/cdn/shop/files/0023197thumb1.jpg?v=1760798669&width=533,Áo Khoác Gile Nam Vải Waffle Thoáng Khí Seventy Seven 006 Trắng,https://yame.vn/products/ao-khoac-gile-nam-vai-waffle-thoang-khi-seventy-seven-06-trang-0023197,192.950 VND,227.000 VND,-15%,,,,,,,,,,,,,,,
https://yame.vn/cdn/shop/files/qu-n-dai-non-branded-41-xanh-reu-1174881389.jpg?v=1760783864&width=533,Quần Jogger Sorona Mềm Mại Non Branded 041 Xanh Lá Đậm,https://yame.vn/products/quan-jogger-sorona-mem-mai-non-branded-041-xanh-la-dam-0024299,310.650 VND,327.000 VND,,,,,,,,,,,,,,,,
https://yame.vn/cdn/shop/files/ao-thun-seventy-seven-03-be-nau-1174883520.jpg?v=1760781290&width=533,Áo Thun Raglan Phối Màu Seventy Seven 003 Be Nâu,https://yame.vn/products/ao-thun-raglan-phoi-mau-seventy-seven-03-be-nau-0022710,168.150 VND,177.000 VND,,,,,,,,,,,,,,,,
https://yame.vn/cdn/shop/files/ao-thun-non-branded-39-tr-ng-1174881972.jpg?v=1760778420&width=533,Áo Thun Cotton Wash Siêu Mềm Non Branded 039 Trắng,https://yame.vn/products/ao-thun-cotton-wash-sieu-mem-non-branded-39-trang-0024240,149.150 VND,157.000 VND,,,,,,,,,,,,,,,,
https://yame.vn/cdn/shop/files/ao-thun-non-branded-39-nau-xam-1174882054.jpg?v=1760778329&width=533,Áo Thun Cotton Wash Siêu Mềm Non Branded 039 Nâu Nhạt,https://yame.vn/products/ao-thun-cotton-wash-sieu-mem-non-branded-39-nau-nhat-0024244,149.150 VND,157.000 VND,,,,,,,,,,,,,,,,
https://yame.vn/cdn/shop/files/ao-thun-non-branded-39-xanh-d-ng-nh-t-1174882084.jpg?v=1760778283&width=533,Áo Thun Cotton Wash Siêu Mềm Non Branded 039 Xanh Dương Nhạt,https://yame.vn/products/ao-thun-cotton-wash-sieu-mem-non-branded-39-xanh-duong-nhat-0024245,149.150 VND,157.000 VND,,,,,,,,,,,,,,,,
https://yame.vn/cdn/shop/files/ao-s-mi-seventy-seven-23-den-1174882979.jpg?v=1760776590&width=533,Áo Sơ Mi Cuban Corduroy Ít Nhăn Seventy Seven 023 Đen,https://yame.vn/products/ao-so-mi-cuban-corduroy-it-nhan-seventy-seven-23-den-0023264,244.150 VND,257.000 VND,,,,,,,,,,,,,,,,
https://yame.vn/cdn/shop/files/0024740_thumb_1.jpg?v=1761791357&width=533,Quần Kaki Bền Gối Xếp Li Thoải Mái The Worker 009 Xám Đậm,https://yame.vn/products/quan-kaki-ben-goi-xep-li-thoai-mai-the-worker-009-xam-dam-0024740,548.150 VND,577.000 VND,,,,,,,,,,,,,,,,
https://yame.vn/cdn/shop/files/0024613_thumb_1.jpg?v=1761644068&width=533,Áo Thun Slim Fit Co Giãn Non Branded 054 Xám Nhạt,https://yame.vn/products/ao-thun-slim-fit-co-gian-non-branded-47-xam-trang-0024613,120.650 VND,127.000 VND,,,,,,,,,,,,,,,,
https://yame.vn/cdn/shop/files/0023249_thumb_1.jpg?v=1760798963&width=533,Áo Polo Tay Dài Seventy Seven 020 Trắng,https://yame.vn/products/ao-polo-tay-dai-seventy-seven-20-trang-0023249,218.450 VND,257.000 VND,-15%,,,,,,,,,,,,,,,
https://yame.vn/cdn/shop/files/0023232thumb1.jpg?v=1760798769&width=533,Áo Thun Tay Dài Cotton Phối Màu Seventy Seven 016 Xanh Lá Đậm,https://yame.vn/products/ao-thun-tay-dai-cotton-phoi-mau-seventy-seven-16-xanh-reu-0023232,167.450 VND,197.000 VND,-15%,,,,,,,,,,,,,,,
https://yame.vn/cdn/shop/files/ao-khoac-non-branded-13-tr-ng-1174884037.jpg?v=1760784071&width=533,Áo Khoác Thun Chống Nắng Thoáng Khí Non Branded 013 Trắng,https://yame.vn/products/ao-khoac-thun-chong-nang-thoang-khi-non-branded-13-trang-0023927,282.150 VND,297.000 VND,,,,,,,,,,,,,,,,
https://yame.vn/cdn/shop/files/ao-s-mi-non-branded-38-den-1174884082.jpg?v=1760775592&width=533,Áo Sơ Mi Cổ Trụ Vải Modal Mềm Mịn Ít Nhăn Non Branded 038 Đen,https://yame.vn/products/ao-so-mi-co-tru-vai-modal-mem-min-it-nhan-non-branded-38-den-0022463,282.150 VND,297.000 VND,,,,,,,,,,,,,,,,
https://yame.vn/cdn/shop/files/ao-s-mi-tay-dai-seventy-seven-52-xanh-den-1187130552.jpg?v=1760792705&width=533,Áo Sơ Mi Tay Dài Siêu Mịn Seventy Seven 061 Xanh Dương Đậm,https://yame.vn/products/ao-so-mi-tay-dai-sieu-min-seventy-seven-52-xanh-den-0024580,282.150 VND,297.000 VND,,,,,,,,,,,,,,,,
https://yame.vn/cdn/shop/files/qu-n-dai-seventy-seven-34-nau-1174881325.jpg?v=1760783596&width=533,Quần Jogger Dù Nhẹ Nhanh Khô Seventy Seven 034 Nâu,https://yame.vn/products/quan-jogger-du-nhe-nhanh-kho-seventy-seven-34-nau-0023304,263.150 VND,277.000 VND,,Miễn Phí Ship,,,,,,,,,,,,,,
https://yame.vn/cdn/shop/files/qu-n-tay-non-branded-30-be-1174881555.jpg?v=1760783217&width=533,Quần Tây Casual Co Giãn Ít Nhăn Non Branded 030 Nâu Nhạt,https://yame.vn/products/quan-tay-casual-co-gian-it-nhan-non-branded-030-nau-nhat-0024117,357.300 VND,397.000 VND,,Miễn Phí Ship,,,,,,,,,,,,,,
https://yame.vn/cdn/shop/files/qu-n-dai-seventy-seven-33-xam-nau-1174881728.jpg?v=1760782292&width=533,Quần Jogger Corduroy Ít Nhăn Seventy Seven 033 Nâu Đậm,https://yame.vn/products/quan-jogger-corduroy-it-nhan-seventy-seven-33-xam-nau-0023300,282.150 VND,297.000 VND,,Miễn Phí Ship,,,,,,,,,,,,,,
https://yame.vn/cdn/shop/files/qu-n-dai-non-branded-32-nau-nh-t-1174882772.jpg?v=1760781984&width=533,Quần Kaki Chinos Co Giãn Non Branded 032 Nâu Nhạt,https://yame.vn/products/quan-kaki-chinos-co-gian-non-branded-032-nau-nhat-0024166,377.150 VND,397.000 VND,,Miễn Phí Ship,,,,,,,,,,,,,,
https://yame.vn/cdn/shop/files/ao-thun-seventy-seven-03-be-reu-1174883506.jpg?v=1760781316&width=533,Áo Thun Raglan Phối Màu Seventy Seven 003 Be Xanh Lá,https://yame.vn/products/ao-thun-raglan-phoi-mau-seventy-seven-03-be-reu-0022712,168.150 VND,177.000 VND,,Miễn Phí Ship,,,,,,,,,,,,,,
https://yame.vn/cdn/shop/files/ao-thun-seventy-seven-03-be-d-1174883563.jpg?v=1760781239&width=533,Áo Thun Raglan Phối Màu Seventy Seven 003 Be Đỏ,https://yame.vn/products/ao-thun-raglan-phoi-mau-seventy-seven-03-be-do-0022709,168.150 VND,177.000 VND,,Miễn Phí Ship,,,,,,,,,,,,,,
https://yame.vn/cdn/shop/files/TheWorker005NauD_m0024814Thumb1.jpg?v=1762325407&width=533,Áo Polo Tay Ngắn Mềm Mại Điều Hòa Nhiệt The Worker 005 Nâu Đậm,https://yame.vn/products/ao-polo-tay-ngan-mem-mai-dieu-hoa-nhiet-the-worker-005-nau-dam-0024814,327.000 VND,310.650 VND,,,,,,,,,,,,,,,,
https://yame.vn/cdn/shop/files/0024617_thumb_1.jpg?v=1761644140&width=533,Áo Thun Slim Fit Co Giãn Non Branded 054 Hồng,https://yame.vn/products/ao-thun-slim-fit-co-gian-non-branded-47-hong-0024617,120.650 VND,127.000 VND,,Miễn Phí Ship,,,,,,,,,,,,,,
https://yame.vn/cdn/shop/files/0024591_thumb_1.jpg?v=1760801463&width=533,Áo Sơ Mi Tay Dài Siêu Mịn Seventy Seven 062 Xanh Lá Đậm,https://yame.vn/products/ao-so-mi-tay-dai-sieu-min-seventy-seven-53-xanh-reu-0024591,282.150 VND,297.000 VND,,Miễn Phí Ship,,,,,,,,,,,,,,
https://yame.vn/cdn/shop/files/0024589thumb1.jpg?v=1760801426&width=533,Áo Sơ Mi Tay Dài Siêu Mịn Seventy Seven 062 Trắng,https://yame.vn/products/ao-so-mi-tay-dai-sieu-min-seventy-seven-53-trang-0024589,282.150 VND,297.000 VND,,Miễn Phí Ship,,,,,,,,,,,,,,
https://yame.vn/cdn/shop/files/0024578_thumb_1.jpg?v=1760801411&width=533,Áo Sơ Mi Tay Ngắn Siêu Mịn Seventy Seven 063 Xanh Dương Đậm,https://yame.vn/products/ao-so-mi-tay-ngan-sieu-min-seventy-seven-54-xanh-den-0024578,234.650 VND,247.000 VND,,Miễn Phí Ship,,,,,,,,,,,,,,
https://yame.vn/cdn/shop/files/0023251_thumb_1.jpg?v=1760799069&width=533,Áo Polo Tay Dài Seventy Seven 020 Xám,https://yame.vn/products/ao-polo-tay-dai-seventy-seven-20-xam-0023251,218.450 VND,257.000 VND,,Miễn Phí Ship,,,,,,,,,,,,,,
https://yame.vn/cdn/shop/files/0023234_thumb_1.jpg?v=1760798788&width=533,Áo Thun Tay Dài Cotton Phối Màu Seventy Seven 016 Nâu Đậm,https://yame.vn/products/ao-thun-tay-dai-cotton-phoi-mau-seventy-seven-16-nau-dam-0023234,167.450 VND,197.000 VND,,Miễn Phí Ship,,,,,,,,,,,,,,
https://yame.vn/cdn/shop/files/qu-n-dai-non-branded-41-xam-xanh-1174881455.jpg?v=1760783986&width=533,Quần Jogger Sorona Mềm Mại Non Branded 041 Xanh Dương,https://yame.vn/products/quan-jogger-sorona-mem-mai-non-branded-041-xanh-duong-0024300,310.650 VND,327.000 VND,,Miễn Phí Ship,,,,,,,,,,,,,,
https://yame.vn/cdn/shop/files/ao-s-mi-non-branded-38-nau-1174881249.jpg?v=1760775612&width=533,Áo Sơ Mi Cổ Trụ Vải Modal Mềm Mịn Ít Nhăn Non Branded 038 Nâu,https://yame.vn/products/ao-so-mi-co-tru-vai-modal-mem-min-it-nhan-non-branded-38-nau-0022465,282.150 VND,297.000 VND,,Miễn Phí Ship,,,,,,,,,,,,,,
https://yame.vn/cdn/shop/files/qu-n-kaki-non-branded-50-nau-1192185476.jpg?v=1760793050&width=533,Quần Kaki Basic Mềm Mịn Non Branded 055 Nâu,https://yame.vn/products/quan-kaki-basic-mem-min-non-branded-055-nau-0024598,472.150 VND,497.000 VND,,Miễn Phí Ship,,,,,,,,,,,,,,
https://yame.vn/cdn/shop/files/qu-n-kaki-non-branded-50-den-1192185493.jpg?v=1760793011&width=533,Quần Kaki Basic Mềm Mịn Non Branded 055 Đen,https://yame.vn/products/quan-kaki-basic-mem-min-non-branded-055-den-0024596,472.150 VND,497.000 VND,,Miễn Phí Ship,,,,,,,,,,,,,,
https://yame.vn/cdn/shop/files/qu-n-dai-non-branded-32-nau-1174882751.jpg?v=1760782084&width=533,Quần Kaki Chinos Co Giãn Non Branded 032 Nâu,https://yame.vn/products/quan-kaki-chinos-co-gian-non-branded-032-nau-0024167,377.150 VND,397.000 VND,,Miễn Phí Ship,,,,,,,,,,,,,,
https://yame.vn/cdn/shop/files/qu-n-dai-seventy-seven-33-nau-1174881719.jpg?v=1760781932&width=533,Quần Jogger Corduroy Ít Nhăn Seventy Seven 033 Nâu,https://yame.vn/products/quan-jogger-corduroy-it-nhan-seventy-seven-33-nau-0023297,282.150 VND,297.000 VND,,Miễn Phí Ship,,,,,,,,,,,,,,
https://yame.vn/cdn/shop/files/224243_thumb_1.jpg?v=1760778363&width=533,Áo Thun Cotton Wash Siêu Mềm Non Branded 039 Xanh Dương,https://yame.vn/products/ao-thun-cotton-wash-sieu-mem-non-branded-39-xanh-xam-0024243,149.150 VND,157.000 VND,,Miễn Phí Ship,,,,,,,,,,,,,,
https://yame.vn/cdn/shop/files/ao-thun-non-branded-39-xam-1174882029.jpg?v=1760778344&width=533,Áo Thun Cotton Wash Siêu Mềm Non Branded 039 Xám,https://yame.vn/products/ao-thun-cotton-wash-sieu-mem-non-branded-39-xam-0024242,149.150 VND,157.000 VND,,Miễn Phí Ship,,,,,,,,,,,,,,
https://yame.vn/cdn/shop/files/ao-s-mi-non-branded-19-d-do-1174884404.jpg?v=1760774887&width=533,Áo Sơ Mi Tay Dài Modal Ít Nhăn Non Branded 019 Đỏ Đậm,https://yame.vn/products/ao-so-mi-tay-dai-modal-it-nhan-non-branded-19-do-do-0024015,187.150 VND,197.000 VND,,Miễn Phí Ship,,,,,,,,,,,,,,
https://yame.vn/cdn/shop/files/Non_Branded_057_Xam_D_m_0024747_Thumb_1.jpg?v=1762835143&width=533,Quần Short Thun Soft - Touch Mềm Mại Non Branded 057 Xám Đậm,https://yame.vn/products/quan-short-thun-soft-touch-mem-mai-non-branded-057-xam-dam-0024747,237.600 VND,297.000 VND,,Miễn Phí Ship,,,,,,,,,,,,,,
https://yame.vn/cdn/shop/files/Non_Branded_057_Nau_Nh_t_0024746_Thumb_1.jpg?v=1762834930&width=533,Quần Short Thun Soft - Touch Mềm Mại Non Branded 057 Nâu Nhạt,https://yame.vn/products/quan-short-thun-soft-touch-mem-mai-non-branded-057-nau-nhat-0024746,237.600 VND,297.000 VND,,Miễn Phí Ship,,,,,,,,,,,,,,
https://yame.vn/cdn/shop/files/NonBranded057Den0024745Thumb1.jpg?v=1762833256&width=533,Quần Short Thun Soft - Touch Mềm Mại Non Branded 057 Đen,https://yame.vn/products/quan-short-thun-soft-touch-mem-mai-non-branded-057-den-0024745,237.600 VND,297.000 VND,,Miễn Phí Ship,,,,,,,,,,,,,,
https://yame.vn/cdn/shop/files/TheWorker005XanhD_ngD_m0024815Thumb1.jpg?v=1762325568&width=533,Áo Polo Tay Ngắn Mềm Mại Điều Hòa Nhiệt The Worker 005 Xanh Dương Đậm,https://yame.vn/products/ao-polo-tay-ngan-mem-mai-dieu-hoa-nhiet-the-worker-005-xanh-duong-dam-0024815,327.000 VND,310.650 VND,,,,,,,,,,,,,,,,
https://yame.vn/cdn/shop/files/TheWorker005Nau0024929Thumb1.jpg?v=1762326366&width=533,Áo Polo Tay Ngắn Mềm Mại Điều Hòa Nhiệt The Worker 005 Nâu,https://yame.vn/products/ao-polo-tay-ngan-mem-mai-dieu-hoa-nhiet-the-worker-005-nau-0024929,327.000 VND,310.650 VND,,,,,,,,,,,,,,,,
https://yame.vn/cdn/shop/files/TheWorker005Den0024813Thumb1.jpg?v=1762324290&width=533,Áo Polo Tay Ngắn Mềm Mại Điều Hòa Nhiệt The Worker 005 Đen,https://yame.vn/products/ao-polo-tay-ngan-mem-mai-dieu-hoa-nhiet-the-worker-005-den-0024813,327.000 VND,310.650 VND,,,,,,,,,,,,,,,,
https://yame.vn/cdn/shop/files/0024739thumb1.jpg?v=1761790854&width=533,Quần Kaki Bền Gối Xếp Li Thoải Mái The Worker 009 Xanh Lá Đậm,https://yame.vn/products/quan-kaki-ben-goi-xep-li-thoai-mai-the-worker-009-xanh-la-dam-0024739,548.150 VND,577.000 VND,,Miễn Phí Ship,,,,,,,,,,,,,,
https://yame.vn/cdn/shop/files/0024712thumb1.jpg?v=1761789402&width=533,Áo Sơ Mi Tay Dài OXFORD Mềm Mát Ít Nhăn The Worker 006 Xám Nhạt,https://yame.vn/products/ao-so-mi-tay-dai-oxford-mem-mat-it-nhan-the-worker-010-xam-nhat-0024712,358.150 VND,377.000 VND,,Miễn Phí Ship,,,,,,,,,,,,,,
https://yame.vn/cdn/shop/files/0024577_thumb_1.jpg?v=1760801395&width=533,Áo Sơ Mi Tay Ngắn Siêu Mịn Seventy Seven 063 Đỏ Đậm,https://yame.vn/products/ao-so-mi-tay-ngan-sieu-min-seventy-seven-54-do-do-0024577,234.650 VND,247.000 VND,,Miễn Phí Ship,,,,,,,,,,,,,,
https://yame.vn/cdn/shop/files/0024576thumb1.jpg?v=1760801380&width=533,Áo Sơ Mi Tay Ngắn Siêu Mịn Seventy Seven 063 Trắng,https://yame.vn/products/ao-so-mi-tay-ngan-sieu-min-seventy-seven-54-trang-0024576,234.650 VND,247.000 VND,,Miễn Phí Ship,,,,,,,,,,,,,,
https://yame.vn/cdn/shop/files/qu-n-dai-non-branded-41-nau-d-m-1174881371.jpg?v=1760783774&width=533,Quần Jogger Sorona Mềm Mại Non Branded 041 Nâu Đậm,https://yame.vn/products/quan-jogger-sorona-mem-mai-non-branded-041-nau-dam-0024296,310.650 VND,327.000 VND,,Miễn Phí Ship,,,,,,,,,,,,,,
https://yame.vn/cdn/shop/files/ao-s-mi-non-branded-38-xanh-d-ng-nh-t-1174884077.jpg?v=1760775631&width=533,Áo Sơ Mi Cổ Trụ Vải Modal Mềm Mịn Ít Nhăn Non Branded 038 Xanh Dương Nhạt,https://yame.vn/products/ao-so-mi-co-tru-vai-modal-mem-min-it-nhan-non-branded-38-xanh-duong-nhat-0022464,282.150 VND,297.000 VND,,Miễn Phí Ship,,,,,,,,,,,,,,
https://yame.vn/cdn/shop/files/qu-n-kaki-non-branded-50-xam-1192185485.jpg?v=1760793030&width=533,Quần Kaki Basic Mềm Mịn Non Branded 055 Xám,https://yame.vn/products/quan-kaki-mem-min-non-branded-055-xam-0024597,472.150 VND,497.000 VND,,Miễn Phí Ship,,,,,,,,,,,,,,
https://yame.vn/cdn/shop/files/ao-s-mi-tay-dai-seventy-seven-52-tim-1187130559.jpg?v=1760792722&width=533,Áo Sơ Mi Tay Dài Siêu Mịn Seventy Seven 061 Tím,https://yame.vn/products/ao-so-mi-tay-dai-sieu-min-seventy-seven-52-tim-0024581,282.150 VND,297.000 VND,,Miễn Phí Ship,,,,,,,,,,,,,,
https://yame.vn/cdn/shop/files/ao-s-mi-seventy-seven-23-xam-1174882920.jpg?v=1760786708&width=533,Áo Sơ Mi Cuban Corduroy Ít Nhăn Seventy Seven 023 Xám Đậm,https://yame.vn/products/ao-so-mi-cuban-corduroy-it-nhan-seventy-seven-23-xam-0023261,244.150 VND,257.000 VND,,Miễn Phí Ship,,,,,,,,,,,,,,
https://yame.vn/cdn/shop/files/tui-deo-y2010-34-den-1174880785.jpg?v=1760788077&width=533,Túi Messenger Bền Nhẹ #Y2010 091 Đen,https://yame.vn/products/tui-messenger-ben-nhe-y2010-34-den-0022279,99.000 VND,197.000 VND,,,,,,,,,,,,,,,,
https://yame.vn/cdn/shop/files/non-non-branded-12-be-1174878916.jpg?v=1760790193&width=533,Nón Dad Hat Dù Lỗ Lazer Thoáng Khí NB 012 Be,https://yame.vn/products/non-dad-hat-du-lo-lazer-thoang-khi-non-branded-12-be-0023821,132.300 VND,147.000 VND,,,,,,,,,,,,,,,,
https://yame.vn/cdn/shop/files/non-y2010-02-den-1174879791.jpg?v=1760789011&width=533,Nón Baseball Cap Kaki Đứng Form #Y2010 066 Đen,https://yame.vn/products/non-baseball-cap-kaki-dung-form-y2010-02-den-0021986,87.300 VND,97.000 VND,,,,,,,,,,,,,,,,
https://yame.vn/cdn/shop/files/non-y2010-05-den-1174878947.jpg?v=1760790118&width=533,Nón Dad Hat Dù Mỏng Nhẹ Mesh Thoáng Khí #Y2010 069 Đen,https://yame.vn/products/non-dad-hat-du-mong-nhe-mesh-thoang-khi-y2010-05-den-0023824,132.300 VND,147.000 VND,,,,,,,,,,,,,,,,
https://yame.vn/cdn/shop/files/bo-g-i-th-thao-beginner-87-1174879762.jpg?v=1760789613&width=533,Bó Gối Thể Thao 3D Chống Trượt BG 087 Xám Đỏ,https://yame.vn/products/bo-goi-the-thao-3d-chong-truot-beginner-87-xam-do-0023949,76.200 VND,127.000 VND,,,,,,,,,,,,,,,,
https://yame.vn/cdn/shop/files/vi-y2010-02-den-1174880616.jpg?v=1760788448&width=533,Ví Đứng Canvas Bền Nhẹ #Y2010 094 Đen,https://yame.vn/products/vi-dung-canvas-ben-nhe-y2010-02-den-0023589,127.000 VND,157.000 VND,,,,,,,,,,,,,,,,
https://yame.vn/cdn/shop/files/non-y2010-05-xanh-den-1174878944.jpg?v=1760790132&width=533,Nón Dad Hat Dù Mỏng Nhẹ Mesh Thoáng Khí #Y2010 069 Xanh Dương Đậm,https://yame.vn/products/non-dad-hat-du-mong-nhe-mesh-thoang-khi-y2010-05-xanh-den-0023825,132.300 VND,147.000 VND,,,,,,,,,,,,,,,,
https://yame.vn/cdn/shop/files/non-non-branded-17-d-1174879013.jpg?v=1760789841&width=533,Nón Baseball Cap Corduroy Bền Bỉ NB 017 Đỏ,https://yame.vn/products/non-baseball-cap-corduroy-ben-bi-non-branded-17-do-0023993,114.300 VND,127.000 VND,,,,,,,,,,,,,,,,
https://yame.vn/cdn/shop/files/vi-y2010-05-den-1174880343.jpg?v=1760788607&width=533,Ví Cầm Tay Canvas Bền Nhẹ #Y2010 096 Đen,https://yame.vn/products/vi-cam-tay-canvas-ben-nhe-y2010-05-den-0023757,141.300 VND,157.000 VND,,,,,,,,,,,,,,,,
https://yame.vn/cdn/shop/files/non-non-branded-17-xanh-reu-1174879104.jpg?v=1760789832&width=533,Nón Baseball Cap Corduroy Bền Bỉ NB 017 Xanh Lá Đậm,https://yame.vn/products/non-baseball-cap-corduroy-ben-bi-non-branded-17-xanh-reu-0023991,114.300 VND,127.000 VND,,,,,,,,,,,,,,,,
https://yame.vn/cdn/shop/files/non-y2010-04-xanh-den-1174878969.jpg?v=1760790048&width=533,Nón Dad Hat Dù Mỏng Nhẹ Mesh Thoáng Khí #Y2010 068 Xanh Dương Đậm,https://yame.vn/products/non-dad-hat-du-mong-nhe-mesh-thoang-khi-y2010-04-xanh-den-0023819,132.300 VND,147.000 VND,,,,,,,,,,,,,,,,
https://yame.vn/cdn/shop/files/non-non-branded-12-xam-tr-ng-1174878927.jpg?v=1760790161&width=533,Nón Dad Hat Dù Lỗ Lazer Thoáng Khí NB 012 Xám Nhạt,https://yame.vn/products/non-dad-hat-du-lo-lazer-thoang-khi-non-branded-12-xam-trang-0023822,132.300 VND,147.000 VND,,,,,,,,,,,,,,,,
https://yame.vn/cdn/shop/files/23796Thumb1.jpg?v=1761884549&width=533,Nón Baseball Cap Kaki Đứng Form NS 140 Vàng,https://yame.vn/products/non-baseball-cap-kaki-dung-form-no-style-m140-vang-0023796,132.300 VND,147.000 VND,,,,,,,,,,,,,,,,
https://yame.vn/cdn/shop/files/non-ready-to-go-15-be-1174878895.jpg?v=1760790176&width=533,Nón Dad Hat Gấp Gọn Thông Minh Ready To Go 015 Be,https://yame.vn/products/non-dad-hat-gap-gon-thong-minh-ready-to-go-15-be-0024001,132.300 VND,147.000 VND,,,,,,,,,,,,,,,,
https://yame.vn/cdn/shop/files/day-n-t-y2010-d15-den-1174880703.jpg?v=1760787311&width=533,Dây Nịt Da Bò Khóa Tự Động #Y2010 024 Đen,https://yame.vn/products/day-nit-da-bo-khoa-tu-dong-y2010-d15-den-0021981,177.300 VND,197.000 VND,,,,,,,,,,,,,,,,
https://yame.vn/cdn/shop/files/tui-deo-y2010-01-den-1174880820.jpg?v=1760788012&width=533,Túi Messenger Siêu Nhẹ Trượt Nước #Y2010 085 Đen,https://yame.vn/products/tui-messenger-sieu-nhe-truot-nuoc-y2010-01-den-0023374,97.000 VND,197.000 VND,,,,,,,,,,,,,,,,
https://yame.vn/cdn/shop/files/non-non-branded-17-den-1174879102.jpg?v=1760789814&width=533,Nón Baseball Cap Corduroy Bền Bỉ NB 017 Đen,https://yame.vn/products/non-baseball-cap-corduroy-ben-bi-non-branded-17-den-0023989,114.300 VND,127.000 VND,,,,,,,,,,,,,,,,
https://yame.vn/cdn/shop/files/non-y2010-04-xam-tr-ng-1174878953.jpg?v=1760790110&width=533,Nón Dad Hat Dù Mỏng Nhẹ Mesh Thoáng Khí #Y2010 068 Xám Nhạt,https://yame.vn/products/non-dad-hat-du-mong-nhe-mesh-thoang-khi-y2010-04-xam-trang-0023818,132.300 VND,147.000 VND,,,,,,,,,,,,,,,,
https://yame.vn/cdn/shop/files/bang-deo-c-tay-th-thao-beginner-93-1174879877.jpg?v=1760789900&width=533,Băng Đeo Cổ Tay Thể Thao Nhẹ Siêu Khô Thoáng BG 093 Xám,https://yame.vn/products/bang-deo-co-tay-the-thao-nhe-tham-hut-beginner-93-xam-0023957,10.200 VND,17.000 VND,,,,,,,,,,,,,,,,
https://yame.vn/cdn/shop/files/non-y2010-05-nau-xam-1174878932.jpg?v=1760790143&width=533,Nón Dad Hat Dù Mỏng Nhẹ Mesh Thoáng Khí #Y2010 069 Nâu,https://yame.vn/products/non-dad-hat-du-mong-nhe-mesh-thoang-khi-y2010-05-nau-xam-0023827,132.300 VND,147.000 VND,,,,,,,,,,,,,,,,
https://yame.vn/cdn/shop/files/gang-tay-y2010-05-den-1174879949.jpg?v=1760788699&width=533,Găng Tay Ngắn Chống Nắng Chống Trượt #Y2010 053 Đen,https://yame.vn/products/gang-tay-ngan-chong-nang-chong-truot-y2010-05-den-0022930,51.300 VND,57.000 VND,,,,,,,,,,,,,,,,
https://yame.vn/cdn/shop/files/non-no-style-m140-xanh-la-1174879689.jpg?v=1761884716&width=533,Nón Baseball Cap Kaki Đứng Form NS 140 Xanh Lá Đậm,https://yame.vn/products/non-baseball-cap-kaki-dung-form-no-style-m140-xanh-la-0023795,132.300 VND,147.000 VND,,,,,,,,,,,,,,,,
https://yame.vn/cdn/shop/files/gang-tay-y2010-05-xam-1174879959.jpg?v=1760788678&width=533,Găng Tay Ngắn Chống Nắng Chống Trượt #Y2010 053 Xám Nhạt,https://yame.vn/products/gang-tay-ngan-chong-nang-chong-truot-y2010-05-xam-0023127,51.300 VND,57.000 VND,,,,,,,,,,,,,,,,
https://yame.vn/cdn/shop/files/non-non-branded-12-xam-d-m-1174878924.jpg?v=1760790187&width=533,Nón Dad Hat Dù Lỗ Lazer Thoáng Khí NB 012 Xám Đậm,https://yame.vn/products/non-dad-hat-du-lo-lazer-thoang-khi-non-branded-12-xam-dam-0023823,132.300 VND,147.000 VND,,,,,,,,,,,,,,,,
https://yame.vn/cdn/shop/files/tui-v-i-khong-d-t-y2010-m1-xam-1174879926.jpg?v=1760788627&width=533,Túi Tote Vải Không Dệt Siêu Nhẹ #Y2010 159 Xám Đậm,https://yame.vn/products/tui-tote-vai-khong-det-sieu-nhe-m1-xam-dam-0022841,7.000 VND,17.000 VND,,,,,,,,,,,,,,,,
https://yame.vn/cdn/shop/files/non-seventy-seven-48-d-do-1174879862.jpg?v=1760788955&width=533,Nón Bucket Corduroy Bền Bỉ 77 048 Đỏ Đậm,https://yame.vn/products/non-bucket-corduroy-ben-bi-seventy-seven-48-do-do-0024129,132.300 VND,147.000 VND,,,,,,,,,,,,,,,,
https://yame.vn/cdn/shop/files/bang-tran-th-thao-beginner-95-1174879835.jpg?v=1760789822&width=533,Băng Trán Thể Thao Nhẹ Siêu Khô Thoáng BG 095 Xám,https://yame.vn/products/bang-tran-the-thao-nhe-tham-hut-beginner-95-xam-0023962,16.200 VND,27.000 VND,,,,,,,,,,,,,,,,
https://yame.vn/cdn/shop/files/qu-n-jean-the-original-28-den-1174882647.jpg?v=1760782777&width=533,Quần Jeans Slimfit Co Giãn The Original 028 Đen,https://yame.vn/products/quan-jeans-slimfit-co-gian-the-original-028-den-0023383,294.300 VND,327.000 VND,,,,,,,,,,,,,,,,
https://yame.vn/cdn/shop/files/vi-y2010-01-den-1174880527.jpg?v=1760788089&width=533,Ví Ngang Canvas Bền Nhẹ #Y2010 095 Đen,https://yame.vn/products/vi-ngang-canvas-ben-nhe-y2010-01-den-0023588,127.000 VND,157.000 VND,,,,,,,,,,,,,,,,
https://yame.vn/cdn/shop/files/non-y2010-03-xam-den-1174879770.jpg?v=1760789023&width=533,Nón Dad Hat Dù Mỏng Nhẹ #Y2010 067 Xám Đậm,https://yame.vn/products/non-dad-hat-du-mong-nhe-y2010-03-xam-den-0023117,78.300 VND,87.000 VND,,,,,,,,,,,,,,,,
https://yame.vn/cdn/shop/files/bang-deo-c-tay-th-thao-beginner-94-1174879842.jpg?v=1760789660&width=533,Băng Đeo Cổ Tay Thể Thao Nhẹ Siêu Khô Thoáng BG 094 Đỏ,https://yame.vn/products/bang-deo-co-tay-the-thao-nhe-tham-hut-beginner-94-do-0023958,10.200 VND,17.000 VND,,,,,,,,,,,,,,,,
https://yame.vn/cdn/shop/files/bang-deo-c-tay-th-thao-beginner-93-1174879865.jpg?v=1760789870&width=533,Băng Đeo Cổ Tay Thể Thao Nhẹ Siêu Khô Thoáng BG 093 Đỏ,https://yame.vn/products/bang-deo-co-tay-the-thao-nhe-tham-hut-beginner-93-do-0023955,10.200 VND,17.000 VND,,,,,,,,,,,,,,,,
https://yame.vn/cdn/shop/files/bang-tran-th-thao-beginner-95-1174879826.jpg?v=1760789799&width=533,Băng Trán Thể Thao Nhẹ Siêu Khô Thoáng BG 095 Đỏ,https://yame.vn/products/bang-tran-the-thao-nhe-tham-hut-beginner-95-do-0023963,16.200 VND,27.000 VND,,,,,,,,,,,,,,,,
https://yame.vn/cdn/shop/files/bang-deo-c-tay-th-thao-beginner-93-1174879891.jpg?v=1760789917&width=533,Băng Đeo Cổ Tay Thể Thao Nhẹ Siêu Khô Thoáng BG 093 Đen,https://yame.vn/products/bang-deo-co-tay-the-thao-nhe-tham-hut-beginner-93-den-0023956,10.200 VND,17.000 VND,,,,,,,,,,,,,,,,
https://yame.vn/cdn/shop/files/non-ready-to-go-15-xanh-ng-c-1174878890.jpg?v=1760790166&width=533,Nón Dad Hat Gấp Gọn Thông Minh Ready To Go 015 Xanh Ngọc,https://yame.vn/products/non-dad-hat-gap-gon-thong-minh-ready-to-go-15-xanh-ngoc-0024002,132.300 VND,147.000 VND,,,,,,,,,,,,,,,,
https://yame.vn/cdn/shop/files/qu-n-jean-the-original-28-xanh-d-m-1-1174882642.jpg?v=1760782801&width=533,Quần Jeans Slimfit Co Giãn The Original 028 Xanh Dương Tối,https://yame.vn/products/quan-jeans-slimfit-co-gian-the-original-028-xanh-duong-toi-0023386,294.300 VND,327.000 VND,,,,,,,,,,,,,,,,
https://yame.vn/cdn/shop/files/gang-tay-y2010-01-den-1174879980.jpg?v=1760788658&width=533,Găng Tay Ngắn Chống Nắng #Y2010 049 Đen,https://yame.vn/products/gang-tay-ngan-chong-nang-y2010-01-den-0022031,24.300 VND,27.000 VND,,,,,,,,,,,,,,,,
https://yame.vn/cdn/shop/files/non-seventy-seven-48-h-ng-1174879837.jpg?v=1760788963&width=533,Nón Bucket Corduroy Bền Bỉ 77 048 Hồng,https://yame.vn/products/non-bucket-corduroy-ben-bi-seventy-seven-48-hong-0024133,132.300 VND,147.000 VND,,,,,,,,,,,,,,,,
https://yame.vn/cdn/shop/files/bang-deo-c-tay-th-thao-beginner-94-1174879848.jpg?v=1760789848&width=533,Băng Đeo Cổ Tay Thể Thao Nhẹ Siêu Khô Thoáng BG 094 Xám Đậm,https://yame.vn/products/bang-deo-co-tay-the-thao-nhe-tham-hut-beginner-94-xam-0023959,10.200 VND,17.000 VND,,,,,,,,,,,,,,,,
https://yame.vn/cdn/shop/files/non-seventy-seven-48-be-1174879882.jpg?v=1760788948&width=533,Nón Bucket Corduroy Bền Bỉ 77 048 Be,https://yame.vn/products/non-bucket-corduroy-ben-bi-seventy-seven-48-be-0024132,132.300 VND,147.000 VND,,,,,,,,,,,,,,,,
https://yame.vn/cdn/shop/files/non-non-branded-18-nau-1174880095.jpg?v=1760788810&width=533,Nón Bucket Corduroy Bền Bỉ NB 018 Nâu,https://yame.vn/products/non-bucket-corduroy-ben-bi-nb-18-nau-0023998,114.300 VND,127.000 VND,,,,,,,,,,,,,,,,
https://yame.vn/cdn/shop/files/0024863Thumb1.jpg?v=1760794943&width=533,Túi Giặt Lưới Đa Năng #Y2010 153 Xám,https://yame.vn/products/tui-giat-luoi-da-nang-y2010-153-xam-0024863,7.000 VND,17.000 VND,,,,,,,,,,,,,,,,
https://yame.vn/cdn/shop/files/non-no-style-m156-xanh-bich-1174879056.jpg?v=1760790031&width=533,Nón Fitted Cap Kaki Đứng Form NS 156 Xanh Dương,https://yame.vn/products/non-fitted-cap-kaki-dung-form-no-style-m156-xanh-bich-0024114,132.300 VND,147.000 VND,,,,,,,,,,,,,,,,
https://yame.vn/cdn/shop/files/non-no-style-m140-d-do-1174879656.jpg?v=1760789280&width=533,Nón Baseball Cap Kaki Đứng Form NS 140 Đỏ Đậm,https://yame.vn/products/non-baseball-cap-kaki-dung-form-no-style-m140-do-do-0023797,132.300 VND,147.000 VND,,,,,,,,,,,,,,,,
https://yame.vn/cdn/shop/files/non-y2010-02-xanh-den-1184461349.jpg?v=1760792566&width=533,Nón Baseball Cap Kaki Đứng Form #Y2010 066 Xanh Dương Đậm,https://yame.vn/products/non-baseball-cap-kaki-dung-form-y2010-02-xanh-duong-dam-0024777,87.300 VND,97.000 VND,,,,,,,,,,,,,,,,
https://yame.vn/cdn/shop/files/non-non-branded-18-xanh-d-ng-1174880041.jpg?v=1760788832&width=533,Nón Bucket Corduroy Bền Bỉ NB 018 Xanh Dương Đậm,https://yame.vn/products/non-bucket-corduroy-ben-bi-nb-18-xanh-duong-dam-0023995,114.300 VND,127.000 VND,,,,,,,,,,,,,,,,
https://yame.vn/cdn/shop/files/tui-deo-y2010-04-den-1174880801.jpg?v=1760788057&width=533,Túi Messenger Bền Nhẹ #Y2010 090 Đen,https://yame.vn/products/tui-messenger-ben-nhe-y2010-04-den-0023756,150.450 VND,177.000 VND,,,,,,,,,,,,,,,,
https://yame.vn/cdn/shop/files/non-non-branded-17-nau-1174879120.jpg?v=1760789791&width=533,Nón Baseball Cap Corduroy Bền Bỉ NB 017 Nâu,https://yame.vn/products/non-baseball-cap-corduroy-ben-bi-non-branded-17-nau-0023990,114.300 VND,127.000 VND,,,,,,,,,,,,,,,,
https://yame.vn/cdn/shop/files/0024418thumb1.jpg?v=1760793793&width=533,Giày Tây Oxford Real Leather 007 Đen,https://yame.vn/products/giay-tay-oxford-real-leather-07-den-0024418,583.950 VND,687.000 VND,,,,,,,,,,,,,,,,
https://yame.vn/cdn/shop/files/lot-giay-m1-1174879923.jpg?v=1760788617&width=533,Lót Giày Đa Năng #Y2010 063 Đen,https://yame.vn/products/lot-giay-da-nang-y2010-m1-0020198,18.050 VND,19.000 VND,,,,,,,,,,,,,,,,
https://yame.vn/cdn/shop/files/giay-real-leather-05-den-1174880046.jpg?v=1760788568&width=533,Giày Tây Loafer Real Leather 005 Đen,https://yame.vn/products/giay-tay-loafer-real-leather-05-den-0024359,583.950 VND,687.000 VND,,,,,,,,,,,,,,,,
https://yame.vn/cdn/shop/files/giay-real-leather-03-den-1174880100.jpg?v=1760788460&width=533,Giày Tây Oxford Real Leather 003 Đen,https://yame.vn/products/giay-tay-oxford-real-leather-03-den-0024357,583.950 VND,687.000 VND,,,,,,,,,,,,,,,,
https://yame.vn/cdn/shop/files/giay-real-leather-02-den-1174880066.jpg?v=1760788549&width=533,Giày Tây Loafer Real Leather 002 Đen,https://yame.vn/products/giay-tay-loafer-real-leather-02-den-0024356,583.950 VND,687.000 VND,,,,,,,,,,,,,,,,
https://yame.vn/cdn/shop/files/giay-real-leather-01-den-1174880079.jpg?v=1760788517&width=533,Giày Boots Real Leather 001 Đen,https://yame.vn/products/giay-boots-real-leather-01-den-0024128,762.450 VND,897.000 VND,,,,,,,,,,,,,,,,
https://yame.vn/cdn/shop/files/0024417thumb1.jpg?v=1760793806&width=533,Giày Tây Loafer Real Leather 006 Đen,https://yame.vn/products/giay-tay-loafer-real-leather-06-den-0024417,643.450 VND,757.000 VND,,,,,,,,,,,,,,,,
https://yame.vn/cdn/shop/files/giay-real-leather-04-den-1174880091.jpg?v=1760788490&width=533,Giày Tây Oxford Real Leather 004 Đen,https://yame.vn/products/giay-tay-oxford-real-leather-04-den-0024358,583.950 VND,687.000 VND,,,,,,,,,,,,,,,,
,,,,,,,https://yameshop.com/collections/non,NÓN,https://yame.vn/collections/non-dad-hat,Nón Dad Hat,https://yame.vn/collections/non-baseball-cap,Nón Baseball Cap,https://yame.vn/collections/non-trucker-cap,Nón Trucker Cap,https://yame.vn/collections/non-snap-back,Nón Snapback,https://yame.vn/collections/non-bucket,Nón Bucket,https://yame.vn/collections/non-fitted-cap,Nón Fitted Cap
,,,,,,,https://yameshop.com/collections/tui-deo,TÚI ĐEO CHÉO VÀ TÚI XÁCH,https://yame.vn/collections/tui-deo-cheo,Túi Đeo Chéo (Cross Bag),https://yame.vn/collections/tui-bao-tu,Túi Bao Tử (Hip Sack),https://yame.vn/collections/tui-deo-nguc,Túi Đeo Ngực (Sling Bag),https://yame.vn/collections/tui-messenger,Túi Messenger,https://yame.vn/collections/tui-tote,Túi Tote,https://yame.vn/collections/tui-trong-du-lich,Túi Trống Du Lịch (Travel Bag)
,,,,,,,https://yameshop.com/collections/balo,BALO,https://yame.vn/collections/balo-essential,Balo Essential,https://yame.vn/collections/balo-smart,Balo Smart,https://yame.vn/collections/balo-campus,Balo Campus,https://yame.vn/collections/balo-camping,Balo Camping,,,,
,,,,,,,https://yameshop.com/collections/vi,VÍ,https://yame.vn/collections/vi-ngang,Ví Ngang Công Sở,https://yame.vn/collections/vi-dung,Ví Đứng Công Sở,https://yame.vn/collections/vi-canvas,Ví Canvas,https://yame.vn/collections/vi-cam-tay,Ví Cầm Tay,,,,
,,,,,,,https://yameshop.com/collections/day-nit,DÂY NỊT,https://yame.vn/collections/day-nit-da-bo,Dây Nịt Da Bò,https://yame.vn/collections/day-nit-da-bo-y,Dây Nịt Da Bò Ý,https://yame.vn/collections/day-nit-da-trau,Dây Nịt Da Trâu,,,,,,
,,,,,,,https://yame.vn/collections/giay,GIÀY,https://yame.vn/collections/giay-oxford,Giày Oxford,https://yame.vn/collections/giay-loafer,Giày Loafer,https://yame.vn/collections/giay-boots,Giày Boots,,,,,,
,,,,,,,https://yame.vn/collections/dep,DÉP,https://yame.vn/collections/dep-de-trau,Dép Đế Trấu,https://yame.vn/collections/dep-de-thap,Dép Đế Thấp,https://yame.vn/collections/dep-de-cao,Dép Đế Cao,https://yame.vn/collections/dep-sieu-nhe,Dép Siêu Nhẹ,,,,
,,,,,,,https://yame.vn/collections/phu-kien-the-thao,PHỤ KIỆN THỂ THAO,https://yame.vn/collections/bang-tran,Băng Trán,https://yame.vn/collections/bang-deo-co-tay,Băng Đeo Cổ Tay,https://yame.vn/collections/bang-bao-ve-co-chan,Băng Bảo Vệ Cổ Chân,https://yame.vn/collections/bo-goi,Bó Gối,https://yame.vn/collections/khan-the-thao,Khăn Thể Thao,,
,,,,,,,https://yameshop.com/collections/vo,VỚ,https://yame.vn/collections/vo-basic,Vớ Basic,https://yame.vn/collections/vo-cong-thai-hoc,Vớ Công Thái Học,https://yameshop.com/collections/vo-the-thao,Vớ Thể Thao,,,,,,
,,,,,,,https://yame.vn/collections/phu-kien-ca-nhan,PHỤ KIỆN CÁ NHÂN,https://yame.vn/collections/gang-tay,Găng Tay,https://yame.vn/collections/lot-giay,Lót Giày,,,,,,,,
https://yame.vn/cdn/shop/files/ao-thun-seventy-seven-13-den-1174883530.jpg?v=1760777397&width=533,Áo Thun Pique Thoáng Mát Seventy Seven 013 Đen,https://yame.vn/products/ao-thun-pique-thoang-mat-seventy-seven-13-den-0023217,149.150 VND,157.000 VND,,,,,,,,,,,,,,,,
https://yame.vn/cdn/shop/files/ao-thun-non-branded-01-den-1174882387.jpg?v=1760778128&width=533,Áo Thun Waffle Thoáng Mát Non Branded 001 Đen,https://yame.vn/products/ao-thun-waffle-thoang-mat-non-branded-01-den-0023707,120.650 VND,127.000 VND,,,,,,,,,,,,,,,,
https://yame.vn/cdn/shop/files/ao-thun-seventy-seven-13-tr-ng-1174883539.jpg?v=1760777377&width=533,Áo Thun Pique Thoáng Mát Seventy Seven 013 Trắng,https://yame.vn/products/ao-thun-pique-thoang-mat-seventy-seven-13-trang-0023219,149.150 VND,157.000 VND,,,,,,,,,,,,,,,,
https://yame.vn/cdn/shop/files/ao-thun-seventy-seven-04-h-ng-1174883171.jpg?v=1760778594&width=533,Áo Thun Cotton Line Art Co Giãn Seventy Seven 004 Hồng,https://yame.vn/products/ao-thun-cotton-line-art-co-gian-seventy-seven-04-hong-0022716,149.150 VND,157.000 VND,,,,,,,,,,,,,,,,
https://yame.vn/cdn/shop/files/ao-polo-non-branded-03-den-1174885437.jpg?v=1760774333&width=533,Áo Polo Pique Thoáng Mát Non Branded 003 Đen,https://yame.vn/products/ao-polo-pique-thoang-mat-non-branded-03-den-0023742,168.150 VND,177.000 VND,,,,,,,,,,,,,,,,
https://yame.vn/cdn/shop/files/ao-thun-seventy-seven-04-tr-ng-1174883207.jpg?v=1760778501&width=533,Áo Thun Cotton Line Art Co Giãn Seventy Seven 004 Trắng,https://yame.vn/products/ao-thun-cotton-line-art-co-gian-seventy-seven-04-trang-0022719,149.150 VND,157.000 VND,,,,,,,,,,,,,,,,
https://yame.vn/cdn/shop/files/ao-thun-seventy-seven-10-den-1174883597.jpg?v=1760777269&width=533,Áo Thun Tay Ngắn Waffle Thoáng Khí Seventy Seven 010 Đen,https://yame.vn/products/ao-thun-tay-ngan-waffle-thoang-khi-seventy-seven-10-den-0023213,149.150 VND,157.000 VND,,,,,,,,,,,,,,,,
https://yame.vn/cdn/shop/files/ao-khoac-non-branded-04-den-1174884707.jpg?v=1760780113&width=533,Áo Khoác Gió Trượt Nước Mỏng Nhẹ Nhiều Màu Non Branded 004 Đen,https://yame.vn/products/ao-khoac-gio-truot-nuoc-mong-nhe-nhieu-mau-non-branded-04-den-0024034,310.650 VND,327.000 VND,,,,,,,,,,,,,,,,
https://yame.vn/cdn/shop/files/ao-thun-seventy-seven-04-xam-ghi-1174883153.jpg?v=1760778637&width=533,Áo Thun Cotton Line Art Co Giãn Seventy Seven 004 Xám Nhạt,https://yame.vn/products/ao-thun-cotton-line-art-co-gian-seventy-seven-04-xam-ghi-0022720,149.150 VND,157.000 VND,,,,,,,,,,,,,,,,
https://yame.vn/cdn/shop/files/ao-thun-seventy-seven-13-be-1174883511.jpg?v=1760777417&width=533,Áo Thun Pique Thoáng Mát Seventy Seven 013 Nâu Nhạt,https://yame.vn/products/ao-thun-pique-thoang-mat-seventy-seven-13-be-0023221,149.150 VND,157.000 VND,,,,,,,,,,,,,,,,
https://yame.vn/cdn/shop/files/ao-thun-seventy-seven-13-xam-1174883483.jpg?v=1760777462&width=533,Áo Thun Pique Thoáng Mát Seventy Seven 013 Xám,https://yame.vn/products/ao-thun-pique-thoang-mat-seventy-seven-13-xam-0023220,149.150 VND,157.000 VND,,,,,,,,,,,,,,,,
https://yame.vn/cdn/shop/files/ao-khoac-non-branded-04-xanh-reu-1174884672.jpg?v=1760780206&width=533,Áo Khoác Gió Trượt Nước Mỏng Nhẹ Nhiều Màu Non Branded 004 Xanh Lá Đậm,https://yame.vn/products/ao-khoac-gio-truot-nuoc-mong-nhe-nhieu-mau-non-branded-04-xanh-reu-0024035,310.650 VND,327.000 VND,,,,,,,,,,,,,,,,
https://yame.vn/cdn/shop/files/ao-s-mi-non-branded-19-tr-ng-1174884380.jpg?v=1760774940&width=533,Áo Sơ Mi Tay Dài Modal Ít Nhăn Non Branded 019 Trắng,https://yame.vn/products/ao-so-mi-tay-dai-modal-it-nhan-non-branded-19-trang-0024012,187.150 VND,197.000 VND,,,,,,,,,,,,,,,,
https://yame.vn/cdn/shop/files/ao-thun-seventy-seven-04-xanh-d-ng-1174883110.jpg?v=1760778702&width=533,Áo Thun Cotton Line Art Co Giãn Seventy Seven 004 Xanh Dương Nhạt,https://yame.vn/products/ao-thun-cotton-line-art-co-gian-seventy-seven-04-xanh-duong-0022723,149.150 VND,157.000 VND,,,,,,,,,,,,,,,,
https://yame.vn/cdn/shop/files/ao-khoac-non-branded-04-xam-d-m-1174884510.jpg?v=1760780150&width=533,Áo Khoác Gió Trượt Nước Mỏng Nhẹ Nhiều Màu Non Branded 004 Xám,https://yame.vn/products/ao-khoac-gio-truot-nuoc-mong-nhe-nhieu-mau-non-branded-04-xam-dam-0024037,310.650 VND,327.000 VND,,,,,,,,,,,,,,,,
https://yame.vn/cdn/shop/files/ao-thun-seventy-seven-04-nau-nh-t-1174883076.jpg?v=1760778789&width=533,Áo Thun Cotton Line Art Co Giãn Seventy Seven 004 Nâu Nhạt,https://yame.vn/products/ao-thun-cotton-line-art-co-gian-seventy-seven-04-nau-nhat-0022721,149.150 VND,157.000 VND,,,,,,,,,,,,,,,,
https://yame.vn/cdn/shop/files/ao-thun-seventy-seven-13-xanh-reu-1174883489.jpg?v=1760777483&width=533,Áo Thun Pique Thoáng Mát Seventy Seven 013 Xanh Lá Đậm,https://yame.vn/products/ao-thun-pique-thoang-mat-seventy-seven-13-xanh-reu-0023218,149.150 VND,157.000 VND,,,,,,,,,,,,,,,,
https://yame.vn/cdn/shop/files/ao-thun-non-branded-01-tr-ng-1174882372.jpg?v=1760778155&width=533,Áo Thun Waffle Thoáng Mát Non Branded 001 Trắng,https://yame.vn/products/ao-thun-waffle-thoang-mat-non-branded-01-trang-0023709,120.650 VND,127.000 VND,,,,,,,,,,,,,,,,
https://yame.vn/cdn/shop/files/ao-thun-non-branded-01-xam-1174882326.jpg?v=1760778207&width=533,Áo Thun Waffle Thoáng Mát Non Branded 001 Xám Đậm,https://yame.vn/products/ao-thun-waffle-thoang-mat-non-branded-001-xam-dam-0023710,120.650 VND,127.000 VND,,,,,,,,,,,,,,,,
https://yame.vn/cdn/shop/files/ao-thun-seventy-seven-46-tr-ng-1174882926.jpg?v=1760779666&width=533,Áo Thun Waffle Line Art Co Giãn Seventy Seven 046 Trắng,https://yame.vn/products/ao-thun-waffle-line-art-co-gian-seventy-seven-46-trang-0023554,168.150 VND,177.000 VND,,,,,,,,,,,,,,,,
https://yame.vn/cdn/shop/files/qu-n-short-non-branded-05-xanh-den-1174882061.jpg?v=1760784191&width=533,Quần Short Thun 9 Inch Thoáng Mát Non Branded 005 Xanh Dương Đậm,https://yame.vn/products/quan-short-thun-9-inch-thoang-mat-non-branded-05-xanh-den-0023721,158.650 VND,167.000 VND,,,,,,,,,,,,,,,,
https://yame.vn/cdn/shop/files/ao-thun-seventy-seven-10-nau-1174883556.jpg?v=1760777291&width=533,Áo Thun Tay Ngắn Waffle Thoáng Khí Seventy Seven 010 Nâu,https://yame.vn/products/ao-thun-tay-ngan-waffle-thoang-khi-seventy-seven-10-nau-0023216,149.150 VND,157.000 VND,,,,,,,,,,,,,,,,
https://yame.vn/cdn/shop/files/ao-khoac-non-branded-04-h-ng-1174884689.jpg?v=1760780170&width=533,Áo Khoác Gió Trượt Nước Mỏng Nhẹ Nhiều Màu Non Branded 004 Hồng,https://yame.vn/products/ao-khoac-gio-truot-nuoc-mong-nhe-nhieu-mau-non-branded-04-hong-0024041,310.650 VND,327.000 VND,,,,,,,,,,,,,,,,
https://yame.vn/cdn/shop/files/qu-n-short-non-branded-05-be-1174882076.jpg?v=1760784246&width=533,Quần Short Thun 9 Inch Thoáng Mát Non Branded 005 Be,https://yame.vn/products/quan-short-thun-9-inch-thoang-mat-non-branded-05-be-0023724,158.650 VND,167.000 VND,,,,,,,,,,,,,,,,
https://yame.vn/cdn/shop/files/ao-polo-non-branded-03-tr-ng-1174885418.jpg?v=1760774358&width=533,Áo Polo Pique Thoáng Mát Non Branded 003 Trắng,https://yame.vn/products/ao-polo-pique-thoang-mat-non-branded-03-trang-0023744,168.150 VND,177.000 VND,,,,,,,,,,,,,,,,
https://yame.vn/cdn/shop/files/ao-khoac-non-branded-04-xam-nh-t-1174881217.jpg?v=1760784176&width=533,Áo Khoác Gió Trượt Nước Mỏng Nhẹ Nhiều Màu Non Branded 004 Xám Nhạt,https://yame.vn/products/ao-khoac-gio-truot-nuoc-mong-nhe-nhieu-mau-non-branded-04-xam-nhat-0024038,310.650 VND,327.000 VND,,,,,,,,,,,,,,,,
https://yame.vn/cdn/shop/files/ao-thun-seventy-seven-10-be-d-m-1174883618.jpg?v=1760777206&width=533,Áo Thun Tay Ngắn Waffle Thoáng Khí Seventy Seven 010 Nâu Nhạt,https://yame.vn/products/ao-thun-tay-ngan-waffle-thoang-khi-seventy-seven-10-be-dam-0023215,149.150 VND,157.000 VND,,,,,,,,,,,,,,,,
https://yame.vn/cdn/shop/files/ao-thun-seventy-seven-44-xanh-den-1174883419.jpg?v=1760777740&width=533,Áo Thun Tay Ngắn Waffle Co Giãn Seventy Seven 044 Xanh Dương Đậm,https://yame.vn/products/ao-thun-tay-ngan-waffle-co-gian-seventy-seven-44-xanh-den-0023553,168.150 VND,177.000 VND,,,,,,,,,,,,,,,,
https://yame.vn/cdn/shop/files/ao-thun-non-branded-01-xam-tr-ng-1174882211.jpg?v=1760778257&width=533,Áo Thun Waffle Thoáng Mát Non Branded 001 Xám Nhạt,https://yame.vn/products/ao-thun-waffle-thoang-mat-non-branded-001-xam-nhat-0023750,120.650 VND,127.000 VND,,,,,,,,,,,,,,,,
https://yame.vn/cdn/shop/files/ao-thun-non-branded-01-kem-1174882413.jpg?v=1760778104&width=533,Áo Thun Waffle Thoáng Mát Non Branded 001 Be,https://yame.vn/products/ao-thun-waffle-thoang-mat-non-branded-01-kem-0023811,120.650 VND,127.000 VND,,,,,,,,,,,,,,,,
https://yame.vn/cdn/shop/files/ao-thun-non-branded-01-xanh-den-1191799765.jpg?v=1760778231&width=533,Áo Thun Waffle Thoáng Mát Non Branded 001 Xanh Dương Đậm,https://yame.vn/products/ao-thun-waffle-thoang-mat-non-branded-001-xanh-duong-dam-0023708,120.650 VND,127.000 VND,,,,,,,,,,,,,,,,
https://yame.vn/cdn/shop/files/qu-n-short-non-branded-05-nau-reu-1174882113.jpg?v=1760784319&width=533,Quần Short Thun 9 Inch Thoáng Mát Non Branded 005 Nâu Đậm,https://yame.vn/products/quan-short-thun-9-inch-thoang-mat-non-branded-05-nau-reu-0023722,158.650 VND,167.000 VND,,,,,,,,,,,,,,,,
https://yame.vn/cdn/shop/files/ao-thun-seventy-seven-04-nau-d-m-1174883091.jpg?v=1760778776&width=533,Áo Thun Cotton Line Art Co Giãn Seventy Seven 004 Nâu Đậm,https://yame.vn/products/ao-thun-cotton-line-art-co-gian-seventy-seven-04-nau-dam-0022717,149.150 VND,157.000 VND,,,,,,,,,,,,,,,,
https://yame.vn/cdn/shop/files/qu-n-short-non-branded-06-xam-nh-t-1174882366.jpg?v=1760784973&width=533,Quần Short 5 Inch Dù Mỏng Nhẹ Non Branded 006 Xám Nhạt,https://yame.vn/products/quan-short-5-inch-du-mong-nhe-non-branded-06-xam-nhat-0023740,158.650 VND,167.000 VND,,,,,,,,,,,,,,,,
https://yame.vn/cdn/shop/files/qu-n-short-non-branded-06-den-1174882337.jpg?v=1760785053&width=533,Quần Short 5 Inch Dù Mỏng Nhẹ Non Branded 006 Đen,https://yame.vn/products/quan-short-5-inch-du-mong-nhe-non-branded-06-den-0023738,158.650 VND,167.000 VND,,,,,,,,,,,,,,,,
https://yame.vn/cdn/shop/files/ao-thun-non-branded-01-d-1174882430.jpg?v=1760778076&width=533,Áo Thun Waffle Thoáng Mát Non Branded 001 Đỏ Đậm,https://yame.vn/products/ao-thun-waffle-thoang-mat-non-branded-001-do-dam-0023713,120.650 VND,127.000 VND,,,,,,,,,,,,,,,,
https://yame.vn/cdn/shop/files/ao-polo-non-branded-03-xam-ghi-1174885358.jpg?v=1760774412&width=533,Áo Polo Pique Thoáng Mát Non Branded 003 Xám,https://yame.vn/products/ao-polo-pique-thoang-mat-non-branded-03-xam-ghi-0023749,168.150 VND,177.000 VND,,,,,,,,,,,,,,,,
https://yame.vn/cdn/shop/files/ao-polo-non-branded-03-xanh-xam-1174885406.jpg?v=1760774380&width=533,Áo Polo Pique Thoáng Mát Non Branded 003 Xanh Dương Nhạt,https://yame.vn/products/ao-polo-pique-thoang-mat-non-branded-03-xanh-xam-0023745,168.150 VND,177.000 VND,,,,,,,,,,,,,,,,
https://yame.vn/cdn/shop/files/ao-khoac-seventy-seven-40-den-1174883964.jpg?v=1760784152&width=533,Áo Khoác Gió Trượt Nước Seventy Seven 040 Đen,https://yame.vn/products/ao-khoac-gio-truot-nuoc-seventy-seven-40-den-0023193,282.150 VND,297.000 VND,,,,,,,,,,,,,,,,
https://yame.vn/cdn/shop/files/ao-khoac-non-branded-04-be-1174884678.jpg?v=1760780189&width=533,Áo Khoác Gió Trượt Nước Mỏng Nhẹ Nhiều Màu Non Branded 004 Be,https://yame.vn/products/ao-khoac-gio-truot-nuoc-mong-nhe-nhieu-mau-non-branded-04-be-0024036,310.650 VND,327.000 VND,,,,,,,,,,,,,,,,
https://yame.vn/cdn/shop/files/ao-thun-seventy-seven-04-xanh-d-u-1174883093.jpg?v=1760778727&width=533,Áo Thun Cotton Line Art Co Giãn Seventy Seven 004 Xanh Ngọc Pastel,https://yame.vn/products/ao-thun-cotton-line-art-co-gian-seventy-seven-04-xanh-ngoc-pastel-0022715,149.150 VND,157.000 VND,,,,,,,,,,,,,,,,
https://yame.vn/cdn/shop/files/ao-thun-seventy-seven-10-tr-ng-1174883606.jpg?v=1760777227&width=533,Áo Thun Tay Ngắn Waffle Thoáng Khí Seventy Seven 010 Trắng,https://yame.vn/products/ao-thun-tay-ngan-waffle-thoang-khi-seventy-seven-10-trang-0023212,149.150 VND,157.000 VND,,,,,,,,,,,,,,,,
https://yame.vn/cdn/shop/files/ao-thun-seventy-seven-04-xanh-da-1174883199.jpg?v=1760778523&width=533,Áo Thun Cotton Line Art Co Giãn Seventy Seven 004 Xanh Dương,https://yame.vn/products/ao-thun-cotton-line-art-co-gian-seventy-seven-04-xanh-da-0022722,149.150 VND,157.000 VND,,,,,,,,,,,,,,,,
https://yame.vn/cdn/shop/files/ao-s-mi-non-branded-33-tr-ng-1174884128.jpg?v=1760775507&width=533,Áo Sơ Mi Modal Mềm Mịn Ít Nhăn Non Branded 033 Trắng,https://yame.vn/products/ao-so-mi-modal-mem-min-it-nhan-non-branded-33-trang-0024142,187.150 VND,197.000 VND,,,,,,,,,,,,,,,,
https://yame.vn/cdn/shop/files/ao-polo-non-branded-03-xanh-reu-1174885362.jpg?v=1760774436&width=533,Áo Polo Pique Thoáng Mát Non Branded 003 Xanh Lá Đậm,https://yame.vn/products/ao-polo-pique-thoang-mat-non-branded-03-xanh-reu-0023743,168.150 VND,177.000 VND,,,,,,,,,,,,,,,,
https://yame.vn/cdn/shop/files/ao-thun-seventy-seven-44-tr-ng-1174883399.jpg?v=1760777694&width=533,Áo Thun Tay Ngắn Waffle Co Giãn Seventy Seven 044 Trắng,https://yame.vn/products/ao-thun-tay-ngan-waffle-co-gian-seventy-seven-44-trang-0023552,168.150 VND,177.000 VND,,,,,,,,,,,,,,,,
https://yame.vn/cdn/shop/files/ao-thun-seventy-seven-46-den-1174882955.jpg?v=1760779536&width=533,Áo Thun Waffle Line Art Co Giãn Seventy Seven 046 Đen,https://yame.vn/products/ao-thun-waffle-line-art-co-gian-seventy-seven-46-den-0023555,168.150 VND,177.000 VND,,,,,,,,,,,,,,,,
https://yame.vn/cdn/shop/files/qu-n-tay-non-branded-30-den-1174881265.jpg?v=1760783150&width=533,Quần Tây Casual Co Giãn Ít Nhăn Non Branded 030 Đen,https://yame.vn/products/quan-tay-casual-co-gian-it-nhan-non-branded-030-den-0024120,357.300 VND,397.000 VND,,,,,,,,,,,,,,,,
